time,voltage,current
1.4000000000000001,4.147287665637054,-0.6999771994121629
3.4000000000000004,4.126146587457642,0.0
5.4,4.126073598335295,0.0
7.4,4.1260070614067725,0.0
9.4,4.125637124647617,0.010267519261039117
11.4,4.125081289934794,0.025
13.4,4.125187176295203,0.019308463729797484
15.4,4.124929843798438,0.025
17.400000000000002,4.124959405225097,0.02144099210197138
19.400000000000002,4.124931617654545,0.019758446301069613
21.400000000000002,4.124835864024316,0.02061750976175494
23.400000000000002,4.124638120567389,0.024555638075339777
25.400000000000002,4.1253637538072985,0.0
27.400000000000002,4.12490166765182,0.014169666153194916
29.400000000000002,4.125327838284673,0.0
31.400000000000002,4.125316875505362,0.0
33.4,4.125306909532414,0.0
35.4,4.125297792553064,0.0
37.4,4.125289449060935,0.0
39.400000000000006,4.125281810283174,0.0
41.400000000000006,4.1252748135798685,0.0
43.400000000000006,4.125268401897038,0.0
45.400000000000006,4.125262523268394,0.0
47.400000000000006,4.125256860901012,0.0
49.400000000000006,4.125251575645283,0.0
51.400000000000006,4.125246611455482,0.0
53.400000000000006,4.125242182566959,0.0
55.400000000000006,4.125195760389638,0.0013390262409846974
57.400000000000006,4.125228356856654,0.00015769265616472335
59.400000000000006,4.125229025620464,0.0
61.400000000000006,4.125225739618252,1.0159475243051178e-05
63.400000000000006,4.125222037628643,0.0
65.4,4.125170618077771,0.0015380091483170651
67.4,4.125214007554172,9.906803694013958e-06
69.4,4.125186090061955,0.0007667623029311394
71.4,4.125045219215756,0.005071649684180633
73.4,4.124397843069405,0.025
75.4,4.124363038564164,0.025
77.4,4.124330620436587,0.025
79.4,4.12430039528077,0.025
81.4,4.124270679286939,0.025
83.4,4.124236991588111,0.025
85.4,4.119362252398388,0.17761842143927184
87.4,4.116652182952551,0.24663234506151716
89.4,4.114397439965491,0.3036922754017388
91.4,4.121895403934604,0.05491922735123315
93.4,4.12391643431974,1.1232914489242592e-05
95.4,4.123134470510982,0.0262220362948024
97.4,4.123195652203514,0.025
99.4,4.123214905366414,0.025
101.4,4.123230794013973,0.025
103.4,4.123243594580016,0.025
105.4,4.1139576744789,0.31868998859659736
107.4,4.09260843209944,0.9644757230064537
109.4,4.067586545762401,1.7050393026614699
111.4,4.0615567720515795,1.8018907228508547
113.4,4.062871896803751,1.6913712289307716
115.4,4.111788107899893,0.09050982551735039
117.4,4.041379021095591,2.3167428542675124
119.4,4.0683743332650915,1.3911803721094913
121.4,4.0771876405924825,1.07721683823573
123.4,4.099867762667618,0.3197735108397502
125.4,4.108762999667815,0.0595780124512208
127.4,4.158854623260216,-1.5080295565223194
129.4,4.142992331319538,-0.8919932381358187
131.4,4.148100763200581,-1.0067961063566555
133.4,4.118035882593275,0.023238415734399248
135.4,4.072935489424756,1.440086115066131
137.4,4.065550500980068,1.599698129906453
139.4,4.047720561782253,2.0908873200538456
141.4,4.048464384636419,1.955434130100549
143.4,4.099522773881977,0.29056501293197096
145.4,4.119897111029339,-0.3499842905135229
147.4,4.1708868918356,-1.8928324189793047
149.4,4.094763861814528,0.620706772872526
151.4,4.093074465704399,0.6495142503980167
153.4,4.089499378747375,0.746682103103103
155.4,4.019094403332499,2.9662981435041966
157.4,3.6250490473628165,15.317434737685268
159.4,3.5750335559494117,16.327460256006766
161.4,3.771533213346619,9.366506173464268
163.4,4.048990523859042,0.1853030347259729
165.4,3.8699746212796295,6.0618621602450355
167.4,3.9879594697517007,2.126222751864889
169.4,4.058240022860775,-0.13557395786225332
171.4,4.067160111466013,-0.32177256668922294
173.4,4.03647134699177,0.8270663116254977
175.4,4.0435075667427665,0.6420660707488796
177.4,3.9857637850829684,2.583369575451415
179.4,3.988363214478056,2.4714013009742075
181.4,4.061416439708022,0.03846150253895182
183.4,3.986593327674858,2.6391162618527466
185.4,4.039657691742322,0.8576816226789619
187.4,3.9871980105062446,2.6240644249167913
189.4,3.99170841403335,2.434150354838985
191.4,4.069079497445358,-0.13435719516989061
193.4,4.070699435501963,-0.08422408198255033
195.4,3.982860141235302,2.863874229334306
197.4,3.790807367930535,9.108630738755096
199.4,3.860750665443631,6.1342790405729986
201.4,4.04931595467891,-0.19051030937232621
203.4,4.05371787789468,-0.18694452844991247
205.4,4.057252165114749,-0.16752170440045994
207.4,4.020905541690316,1.139849215809934
209.4,4.003194477536084,1.7785020389088064
211.4,4.003038920592034,1.7888282805416629
213.4,4.0037048108977125,1.7747606571510022
215.4,4.003392778694994,1.789423229121358
217.4,4.005116899079939,1.7347903802790647
219.4,3.979004886832276,2.6182999072066204
221.4,4.060264616437475,-0.16726630478619803
223.4,4.008118937089929,1.6674139881335817
225.4,4.009890783692736,1.613077914017369
227.4,4.010523784198842,1.5982781202988492
229.4,4.0278870969596605,1.021706527766232
231.4,3.9540597865769764,3.5470853066383707
233.4,3.9373025212185064,4.021456065605242
235.4,3.9833930575729064,2.381657946130277
237.4,3.872807476054506,6.120617755350525
239.4,3.8609933473719584,6.332525022954904
241.4,3.861533569961203,6.131119636360295
243.4,3.990154536884739,1.5739088784548307
245.4,3.9320702332195503,3.6606168703693
247.4,3.8997217975462366,4.723138332936432
249.4,3.876338197559091,5.419993783089699
251.4,4.03680080978173,-0.19610435784251673
253.4,4.041050992358751,-0.19135378257239555
255.4,4.044853265849116,-0.1845945094479526
257.40000000000003,4.048518803228893,-0.18519875763368823
259.40000000000003,4.052211693432016,-0.19447934417848525
261.40000000000003,4.109763667906049,-2.074435362969451
263.40000000000003,4.131489446610859,-2.7557936918367956
265.40000000000003,4.058785794149826,0.08143286264647
267.40000000000003,3.8551240712836776,7.101982509594589
269.40000000000003,3.8264800714994514,7.8387628790406145
271.40000000000003,3.818889039570073,7.8297998962753494
273.40000000000003,3.854702784085502,6.294859017186035
275.40000000000003,3.8463437124844537,6.412112335630025
277.40000000000003,3.914135807467951,3.792708602036513
279.40000000000003,3.9143700993303616,3.737794565467967
281.40000000000003,3.98067117855074,1.3357672260504376
283.40000000000003,3.9833025461326157,1.3244555167666074
285.40000000000003,3.9861445838200895,1.3007804649379782
287.40000000000003,3.9873937707188793,1.3218618364222154
289.40000000000003,3.9903978922392795,1.2726128828783538
291.40000000000003,3.9914506532285285,1.2975406445515347
293.40000000000003,3.9871517420434652,1.5099131031842612
295.40000000000003,3.9703980896275506,2.1451556513519705
297.40000000000003,3.9760587444081117,1.9397216872273766
299.40000000000003,4.155169611466682,-4.5602870073490624
301.40000000000003,4.1466046343125065,-3.906019735326625
303.40000000000003,4.1401506376289126,-3.4223664926884503
305.40000000000003,4.177075115412275,-4.545232458162647
307.40000000000003,4.182329891489849,-4.469692249151416
309.40000000000003,4.042419062296501,0.7947504632187223
311.40000000000003,4.049946524304299,0.5139050266700812
313.40000000000003,4.044130203184536,0.7165314334052977
315.40000000000003,4.040990261806552,0.8198579302171377
317.40000000000003,4.043734612541329,0.7093177763573695
319.40000000000003,4.053407681713653,0.36083431348900563
321.40000000000003,4.0628414424219255,0.04237737278741162
323.40000000000003,4.050203742710097,0.5187323316783855
325.40000000000003,4.0618838745124295,0.1012371824709462
327.40000000000003,4.063754234331593,0.05265720169003111
329.40000000000003,4.0570393599142855,0.3178484429277209
331.40000000000003,4.042924083811534,0.8215209463891278
333.40000000000003,3.9841213854981232,2.7541210474471
335.40000000000003,4.05774663759341,0.049470328328787595
337.40000000000003,4.05911133021061,0.03686109176574927
339.40000000000003,4.058703295541083,0.08632810962823562
341.40000000000003,4.050335316597652,0.40511931352548913
343.40000000000003,4.003214344059875,2.119289851256544
345.40000000000003,3.990229971430903,2.4995326577030217
347.40000000000003,4.00637183937425,1.8392531624934798
349.40000000000003,4.01565941367501,1.44775795241762
351.40000000000003,4.044508176761469,0.3800003789603006
353.40000000000003,4.042901961021262,0.46349144113449514
355.40000000000003,4.026128343186792,1.0986518949716504
357.40000000000003,4.019082231817435,1.3308248715473339
359.40000000000003,4.0006255427164135,1.9885754631795574
361.40000000000003,3.9819988617400637,2.60046042704684
363.40000000000003,3.6989808333006207,12.88232196322372
365.40000000000003,3.574925839133004,16.87109625252197
367.40000000000003,3.7135833360027735,11.109705910343878
369.40000000000003,3.8341714693322984,6.516566485577463
371.40000000000003,3.8777933018347412,4.679376097644728
373.40000000000003,3.968443260169544,1.1472472147149928
375.40000000000003,3.9882144188486826,0.5099141831036269
377.40000000000003,4.000432807792176,0.19748538451386233
379.40000000000003,3.988882760857739,0.7955260654991688
381.40000000000003,3.992421647236098,0.7839000203054666
383.40000000000003,3.9908482404115424,0.9533660916042765
385.40000000000003,3.996400175787645,0.829245492993861
387.40000000000003,3.9950059474744752,0.9831318501547096
389.40000000000003,3.992954969746353,1.1474369562245392
391.40000000000003,3.9931539569887478,1.2098329776388168
393.40000000000003,3.9944696301405864,1.225494160290115
395.40000000000003,4.1651667141430515,-5.201652624102001
397.40000000000003,4.073489044898942,-1.4270203751751707
399.40000000000003,4.011370149443365,1.0687693841823016
401.40000000000003,3.998823710803958,1.5596866181445528
403.40000000000003,4.019652542800479,0.7497641026418201
405.40000000000003,4.017723025862852,0.8648218094751386
407.40000000000003,4.018156489417977,0.8800635749023672
409.40000000000003,4.021716715049965,0.7665998920592805
411.40000000000003,4.0155484892384194,1.04448910256107
413.40000000000003,4.01617056496742,1.0389485236423437
415.40000000000003,4.021727328410475,0.8424796839716348
417.40000000000003,4.020585162701433,0.9071296041989412
419.40000000000003,4.023404637154011,0.8141845604642912
421.40000000000003,4.022746248274194,0.8609171388028035
423.40000000000003,4.023344246544842,0.8533557583685315
425.40000000000003,4.021921260032377,0.9210779731339764
427.40000000000003,4.0215351846944385,0.9404717577235289
429.40000000000003,4.029665261764116,0.649069516855372
431.40000000000003,4.01910606800005,1.0645684400404463
433.40000000000003,4.002493549827332,1.7086213501226897
435.40000000000003,3.975822789236396,2.698144760487204
437.40000000000003,3.9807251741864933,2.4350499127841267
439.40000000000003,3.982785298820643,2.299367598103633
441.40000000000003,3.9815160584277156,2.3067617866677748
443.40000000000003,3.994250049210384,1.7762981881299438
445.40000000000003,4.03226097960708,0.3081987063343617
447.40000000000003,4.043604997447631,-0.07345087386371156
449.40000000000003,4.00826492010777,1.331759549346711
451.40000000000003,3.9847976764302553,2.2253063497029264
453.40000000000003,3.99663609972151,1.728014436873542
455.40000000000003,4.002615704903844,1.4700956402595573
457.40000000000003,4.001278340807741,1.50955319774609
459.40000000000003,4.031488639590524,0.33829418629781466
461.40000000000003,3.9773331469544746,2.441752926291772
463.40000000000003,3.954935461774651,3.2437171866749455
465.40000000000003,3.9642467739359506,2.801639041999153
467.40000000000003,4.031537533572764,0.17568603717201245
469.40000000000003,4.003392326156375,1.3073054491883762
471.40000000000003,3.9886317034009835,1.8757066378625171
473.40000000000003,3.94717540631621,3.428110919827404
475.40000000000003,4.0006797137260754,1.304322289525244
477.40000000000003,4.019133305614073,0.6108468149305127
479.40000000000003,4.005822143460164,1.1536412202419206
481.40000000000003,4.002762028921204,1.2814132704377654
483.40000000000003,3.987152953853265,1.8821397134985942
485.40000000000003,3.984676372343507,1.9513625871413214
487.40000000000003,3.9840177938860704,1.9499010511853363
489.40000000000003,3.9893137905720404,1.7229343103603894
491.40000000000003,3.989515149151296,1.700000718067529
493.40000000000003,3.9863129980563157,1.799887926355
495.40000000000003,3.9760864175196544,2.1755454889968573
497.40000000000003,3.973751928387596,2.22975956264178
499.40000000000003,3.9708026500676064,2.3078923618688716
501.40000000000003,3.9701977803406803,2.2965879951972403
503.40000000000003,3.965228993903386,2.4459781717628277
505.40000000000003,3.994781277296938,1.2879225987731786
507.40000000000003,3.9927318484175003,1.385104641159052
509.40000000000003,3.9613980954345527,2.5725351826122367
511.40000000000003,3.9772580098207877,1.9235878582042631
513.4,3.967026032456412,2.32595554509581
515.4,3.943257809061658,3.1908548549880944
517.4,3.941149438587015,3.1932532875478112
519.4,4.003983323184765,0.7032204501316168
521.4,3.9927361170374343,1.1738335128091884
523.4,4.028278203000239,-0.1440847916344347
525.4,4.030029549505615,-0.13073679926262255
527.4,4.002990783188501,0.986321813163892
529.4,3.966672963014707,2.3911379142169955
531.4,4.015725739314431,0.42386411711611416
533.4,3.980147618550006,1.8485945282065106
535.4,3.9763050638693964,1.9704201824045722
537.4,3.9597338195968965,2.572900298764923
539.4,3.9743786498433926,1.9402391943297101
541.4,3.988609962932472,1.3625467082686127
543.4,4.028635968074363,-0.20248442979637418
545.4,4.028801225829743,-0.13241306517487753
547.4,4.00462650524104,0.8657581352647113
549.4,3.977112239123322,1.925674698771093
551.4,3.9741930572536783,1.9958251643318417
553.4,3.9943260658928454,1.1707961097480755
555.4,3.9920604381147013,1.258905013593003
557.4,4.028163240751559,-0.1357462745781451
559.4,3.935135716011434,3.5755385630035668
561.4,3.944498785917635,3.0839408187908086
563.4,3.9868766986007707,1.3639186224169089
565.4,3.9867317480329163,1.3612581530744794
567.4,3.9894210370633534,1.2486152533940105
569.4,3.9657210113796846,2.161036487097298
571.4,3.9568596054748553,2.4467016720890253
573.4,3.954996347599039,2.4631470016847916
575.4,3.9798981504439865,1.4575249420351504
577.4,3.9794105573630443,1.4670907260056552
579.4,4.021072402179381,-0.17527252352993916
581.4,4.019553647512375,-0.029477183281874916
583.4,3.9953713057022204,0.944342531073018
585.4,3.995018328405002,0.9627273372017596
587.4,3.9901771960527235,1.1553520408117894
589.4,4.0229945732592265,-0.09107897759574732
591.4,4.0240501433028815,-0.06663525103912049
593.4,4.005478979931947,0.701115696521362
595.4,4.004267727194827,0.7525960804325182
597.4,3.999940061665554,0.9254167840051312
599.4,4.099895785042723,-3.0108842948266217
601.4,3.92403691437152,4.014397756820596
603.4,3.8505467248717427,6.665848290228638
605.4,3.824026867216179,7.407930883800253
607.4,3.593536281048911,15.847600578379557
609.4,3.979193814358382,0.31834820630328453
611.4,3.9949800295391085,-0.1894549658405459
613.4,3.9987909095152805,-0.20045139457969116
615.4000000000001,3.985183810929103,0.45692848272384357
617.4000000000001,3.9959467140719247,0.1031719641876052
619.4000000000001,4.004863881396228,-0.1490008152284344
621.4000000000001,4.002458611133605,0.05090611811429006
623.4000000000001,3.9765955132586943,1.1236445011873222
625.4000000000001,3.974902604405,1.1946962278831355
627.4000000000001,3.964252912098038,1.6010994557980063
629.4000000000001,3.9414200783145574,2.445628588752696
631.4000000000001,3.935920183561164,2.6062579298993143
633.4000000000001,3.921731943713533,3.0703082061195412
635.4000000000001,3.9643419572627034,1.3512525883568511
637.4000000000001,3.9749187896942275,0.9299377252736201
639.4000000000001,3.9488427924290863,1.952957568452792
641.4000000000001,3.9370555902634212,2.3682553273203086
643.4000000000001,3.9768887330574887,0.8056563727652958
645.4000000000001,3.9767943726619652,0.8410055064524662
647.4000000000001,3.9816850813460136,0.673562188567783
649.4000000000001,3.97131216445697,1.1063050393223124
651.4000000000001,3.971388263089807,1.1124428042974637
653.4000000000001,3.958415988580369,1.615206699241627
655.4000000000001,3.9546265085095342,1.746871871503567
657.4000000000001,3.985079547135118,0.5164079315532748
659.4000000000001,3.97502421806574,0.9511977945763469
661.4000000000001,3.9502567513953104,1.9275788910551144
663.4000000000001,3.9475658773632385,1.987298187703977
665.4000000000001,3.9644815836600276,1.2920611637500405
667.4000000000001,3.9376700064314134,2.3347748682298453
669.4000000000001,3.9251648415976725,2.738456325822501
671.4000000000001,3.923202912376477,2.7330232480844288
673.4000000000001,3.949814733382482,1.606184083236292
675.4000000000001,3.995078403485336,-0.14674941726611734
677.4000000000001,3.997306956711019,-0.13445821518918577
679.4000000000001,3.9984375776804244,-0.11243062746915097
681.4000000000001,3.999914817460247,-0.08252033586524478
683.4000000000001,4.0023201774009936,-0.10081659023985091
685.4000000000001,4.004424710219034,-0.10765819743772152
687.4000000000001,4.059694113332994,-2.24501472413308
689.4000000000001,4.009766812454281,-0.08123129387394282
691.4000000000001,4.010291684393238,-0.05120633427950195
693.4000000000001,3.9436167973570693,2.601335531287343
695.4000000000001,3.8139092376862633,7.566763459318845
697.4000000000001,3.807236507911708,7.438680839077253
699.4000000000001,3.9381409448426177,2.057743365668273
701.4000000000001,3.9631907118268894,1.0482385467948403
703.4000000000001,3.9298335353409417,2.3560045846365028
705.4000000000001,3.93195137520317,2.2284515926404613
707.4000000000001,3.9861587540711567,0.047081077899440965
709.4000000000001,3.992995010540625,-0.13687122517183417
711.4000000000001,3.957066541333865,1.3764080923064506
713.4000000000001,3.924496824727878,2.5385315147791516
715.4000000000001,3.919400827993055,2.658152025288159
717.4000000000001,3.8637824905711255,4.698001891394889
719.4000000000001,3.52837698763118,17.40093345191394
721.4000000000001,3.665499042270746,10.938212865988554
723.4000000000001,3.9456522536159486,-0.20288508980856565
725.4000000000001,3.9509064420973155,-0.21401511469538453
727.4000000000001,3.955733362237904,-0.21711548451920548
729.4000000000001,3.9597543658451606,-0.20349701762028566
731.4000000000001,3.9637822117398214,-0.20559800014298354
733.4000000000001,3.9605650428403245,0.061108387507475874
735.4000000000001,3.951172628629762,0.5225318619637335
737.4000000000001,3.943845610302879,0.8673775073061598
739.4000000000001,3.9418568378726038,0.9784871029254841
741.4000000000001,3.9420647686889967,0.9954108926738028
743.4000000000001,3.9107652113736036,2.2125756779366554
745.4000000000001,3.9096251795292063,2.2027645001709284
747.4000000000001,3.9079269734510813,2.209844888082105
749.4000000000001,3.9194596631708447,1.7052469712722884
751.4000000000001,3.9192626901591545,1.6960710175526794
753.4000000000001,3.9186907290055677,1.6923510629909368
755.4000000000001,3.9652900054738347,-0.1327619289396053
757.4000000000001,3.953486492258456,0.4521924996486651
759.4000000000001,3.9287914836060343,1.4590821331691262
761.4000000000001,3.836195010709998,5.104252013779646
763.4000000000001,3.867641369779714,3.5051806497052658
765.4000000000001,3.843391928832856,4.353312349507202
767.4000000000001,3.771821913871271,6.912652265665587
769.4000000000001,3.8093993885248323,5.104985786465732
771.4000000000001,3.801648038215759,5.198651570924697
773.4000000000001,3.8507754945681585,3.082301695067253
775.4000000000001,3.850878981683053,3.00469054767306
777.4000000000001,3.902198653688419,0.9472864688381609
779.4000000000001,3.904521374128601,0.9295960979826449
781.4000000000001,3.908696792253261,0.8311640386729617
783.4000000000001,3.9099255542150217,0.85457632537399
785.4000000000001,3.9113118922791066,0.8600743165104878
787.4000000000001,3.9081220732137854,1.044587736077896
789.4000000000001,3.9086626831235414,1.0574165359837269
791.4000000000001,3.909927907994393,1.0534631326731823
793.4000000000001,3.8999811160711864,1.4874660939671993
795.4000000000001,3.8930256866577646,1.772666178915692
797.4000000000001,3.8874035262942614,1.9707335627757652
799.4000000000001,3.9412290564511765,-0.15271046075206374
801.4000000000001,3.9442904900484765,-0.14062384134617664
803.4000000000001,3.869869031939119,2.9463244901722083
805.4000000000001,3.8500706415148507,3.596070679699769
807.4000000000001,3.882468487216761,2.2091206036424946
809.4000000000001,3.9052297282130826,1.2203699105231722
811.4000000000001,3.896163397184148,1.5768665798719983
813.4000000000001,3.8848153047140705,2.025039647544273
815.4000000000001,3.8852672433971533,2.023051311794541
817.4000000000001,3.882954612091446,2.1411699296086555
819.4000000000001,3.9043806906806426,1.2256843313895691
821.4000000000001,3.9070458749287726,1.1255721389291966
823.4000000000001,3.916819723010099,0.7548358895384005
825.4000000000001,3.9103959967514204,1.0539830738083722
827.4000000000001,3.8978046245927347,1.5827326378721058
829.4000000000001,3.9044285688203826,1.3106489917898825
831.4000000000001,3.9093811072863307,1.1170321843067579
833.4000000000001,3.8943989838554556,1.7514455386091312
835.4000000000001,3.89651413027782,1.6525804091679457
837.4000000000001,3.8745070394696897,2.5534776017328573
839.4000000000001,3.8735424476581857,2.5495837005344053
841.4000000000001,3.8722432773477866,2.5736098704159396
843.4000000000001,3.898134325464008,1.4797378839635822
845.4000000000001,3.9303481354500116,0.19584309148134393
847.4000000000001,3.893036882558261,1.866111444479075
849.4000000000001,3.8750354430988123,2.610631090626813
851.4000000000001,3.910683478125638,1.1003729354972327
853.4000000000001,3.9109102619497977,1.1327693037297477
855.4000000000001,3.913429860232759,1.0731952495421977
857.4000000000001,3.943349857191799,-0.15333085710309677
859.4000000000001,3.9032220822147936,1.5991510775096165
861.4000000000001,3.8981881075930827,1.8068162357641968
863.4000000000001,3.8814526654858765,2.510019168971339
865.4000000000001,3.8806445512408416,2.4982074573563624
867.4000000000001,3.8757452496463403,2.6650015154008235
869.4000000000001,3.888182699871976,2.065514357340797
871.4000000000001,3.8876609036274004,2.0661219872053542
873.4000000000001,3.886014966308896,2.1046622540326783
875.4000000000001,3.9300371469440427,0.16881502348753835
877.4000000000001,3.930357373252808,0.23341790530904052
879.4000000000001,3.9330417645274265,0.189260416104966
881.4000000000001,3.901024538086255,1.5792694693661309
883.4000000000001,3.942939347355786,-0.17034470030070747
885.4000000000001,3.94395273121148,-0.1339267229686481
887.4000000000001,3.9185756941061816,1.0083611980481901
889.4000000000001,3.9223747580920274,0.8468436013189277
891.4000000000001,3.9044963087809124,1.6419434637513395
893.4000000000001,3.896300836299583,1.944917975173032
895.4000000000001,3.8597301680647407,3.443958074428085
897.4000000000001,3.8569387337776666,3.4278495307359114
899.4000000000001,3.8541307997504894,3.428454981886912
901.4000000000001,3.836163846777168,4.058213961831854
903.4000000000001,3.7810607073467812,6.273715774216891
905.4000000000001,3.7827466413303403,5.864293238002242
907.4000000000001,3.824779664051843,3.8708188926388702
909.4000000000001,3.885749017030538,1.1998440993210906
911.4000000000001,3.920557633052533,-0.18397505152789353
913.4000000000001,3.9232574309899375,-0.1853815142826789
915.4000000000001,3.9257241242552383,-0.176571765567919
917.4000000000001,4.0142111633807085,-3.6207021071562266
919.4000000000001,3.9349892253765013,-0.09580868222553443
921.4000000000001,3.887380414367254,2.0073794497323894
923.4000000000001,3.866368310969097,2.809542159159245
925.4000000000001,3.9333847707698717,-0.11966321064803606
927.4000000000001,3.93051886875876,0.04712166934575769
929.4000000000001,3.9353082253477996,-0.09345924940179749
931.4000000000001,3.9240472485550466,0.44198149298279327
933.4000000000001,3.906871437452621,1.1873132916044626
935.4000000000001,3.937798982140208,-0.1409983674500305
937.4000000000001,3.938365013978158,-0.10546076313574126
939.4000000000001,3.941641988860579,-0.08600431679362125
941.4000000000001,3.9610950499607935,-0.8545578373855263
943.4000000000001,3.9453974494420114,-0.05918813823621232
945.4000000000001,3.8451702582812395,4.091433942526496
947.4000000000001,3.880878985125745,2.4486144094288664
949.4000000000001,3.8576414171594635,3.3103703152620567
951.4000000000001,3.8810351541211285,2.2190998642880877
953.4000000000001,3.879211592079431,2.215834020717777
955.4000000000001,3.877577928104845,2.209638781960014
957.4000000000001,3.8763360544934393,2.1918208236445724
959.4000000000001,3.8789441547012817,2.0120968859845263
961.4000000000001,3.878993480905772,1.9608193719661102
963.4000000000001,3.848022372602672,3.2241504193646375
965.4000000000001,3.838089240540262,3.483593098572737
967.4000000000001,3.8480129218681256,2.934229496715995
969.4000000000001,3.8659745578064304,2.101081154408398
971.4000000000001,3.9023411458538546,0.543971003797733
973.4000000000001,3.9204150183477715,-0.15993227670326332
975.4000000000001,3.9225070378858518,-0.15925699782543548
977.4000000000001,3.9226136959289573,-0.10639611540269572
979.4000000000001,3.9254023850002486,-0.1455114937439628
981.4000000000001,3.67381983262022,10.638226147119273
983.4000000000001,3.5505994408303185,15.124157706012701
985.4000000000001,3.861407013574096,1.6906220823747535
987.4000000000001,3.7178964105676395,7.583206655325536
989.4000000000001,3.826286818980282,2.6510874691468125
991.4000000000001,3.8948503379708104,-0.23847583868667305
993.4000000000001,3.8950377919771344,-0.09439326379276003
995.4000000000001,3.8733323282441967,0.9162676510266322
997.4000000000001,3.8796483642008774,0.71663993187233
999.4000000000001,3.8815814557984063,0.6773026080992679
1001.4000000000001,3.8754944125950246,0.9766033218993154
1003.4000000000001,3.8727537289289025,1.1280820973803174
1005.4000000000001,3.8360073551779617,2.684103047257528
1007.4000000000001,3.828167133861983,2.928397137242815
1009.4000000000001,3.865614480917271,1.2810850049113058
1011.4000000000001,3.8919190256056315,0.18395861324595217
1013.4000000000001,3.903935043004385,-0.25140237047642916
1015.4000000000001,3.9039836452381573,-0.14439456365235498
1017.4000000000001,3.906031665602395,-0.1317356410032507
1019.4000000000001,3.83236142717435,3.0548282362675816
1021.4000000000001,3.8938271907966615,0.4301173019858108
1023.4000000000001,3.907792024426717,-0.10358281057438126
1025.4,3.909902562258802,-0.10815281579457706
1027.4,4.035570227493304,-5.280083694651821
1029.4,3.9159743729402745,-0.08974566995616601
1031.4,3.9191780142163246,-0.18038373138607666
1033.4,3.918709846500111,-0.08210376048983353
1035.4,3.9657222725080055,-1.996375167005801
1037.4,3.9323619825828144,-0.4955122959340392
1039.4,3.9241609196005838,0.005506665865660662
1041.4,3.9883609488504566,-2.638484768078805
1043.4,3.938607541402967,-0.4244965079454268
1045.4,3.9283983527768616,0.02402859924194682
1047.4,3.919811479730684,0.3796470821389739
1049.4,3.924965090810703,0.15603739311474546
1051.4,3.9259265956066445,0.10322352304237413
1053.4,3.9283079671096357,0.016896861895688252
1055.4,3.914066919352404,0.6320157112338651
1057.4,3.90808974659578,0.8555671129444817
1059.4,3.9040470646622283,0.9880327306544585
1061.4,3.861970782072033,2.682382873671229
1063.4,3.9198018325476442,0.15260577713642282
1065.4,3.9341343564093396,-0.42779942150179107
1067.4,3.9240323086980573,0.04651457522702544
1069.4,3.925984480842277,0.01754339826623799
1071.4,3.979299494505191,-2.1904690128440834
1073.4,4.015524984505194,-3.560499565673103
1075.4,3.9477440289171355,-0.5236195806853774
1077.4,3.9623457493897423,-1.0939163825121945
1079.4,3.93553742352124,0.057880345447632285
1081.4,3.9093396844498747,1.1445601248630608
1083.4,3.904286443524,1.2889165766898554
1085.4,3.9224781559955404,0.45066031660940853
1087.4,3.931538728374858,0.06608070586225569
1089.4,3.932238487581379,0.043720251596751684
1091.4,3.932545320610085,0.0366643212371816
1093.4,3.984070937070506,-2.126192074223061
1095.4,3.964943530491085,-1.206636010273633
1097.4,3.956014592051101,-0.7582004652401422
1099.4,3.913385978357684,1.0363243879837718
1101.4,3.913646845809281,0.9643900993508215
1103.4,3.93103211357427,0.1772745840808022
1105.4,3.9654345447157784,-1.2760683119226561
1107.4,3.9364593499582705,0.006345213245574817
1109.4,3.9465134308388765,-0.40021679942338834
1111.4,3.9388613557141423,-0.060190173705258004
1113.4,3.923864076501949,0.5670335854075182
1115.4,3.934535729323415,0.08146516723060948
1117.4,3.9414126336300335,-0.1987739676862877
1119.4,3.937938762753843,-0.03717959029009357
1121.4,3.9317463050740846,0.19526766811114274
1123.4,3.9346107729602022,0.075
1125.4,3.9301897953285,0.21587124902113314
1127.4,3.935641271674904,0.008040867661405703
1129.4,3.935482389878463,0.025
1131.4,3.9277811166241445,0.35437454222141906
1133.4,3.9284348892347247,0.31228738390744604
1135.4,3.918250950411986,0.7251374859951304
1137.4,3.9330632192855632,0.0773331111641542
1139.4,3.9407624779938457,-0.23161459257982409
1141.4,3.9347654032767214,0.030535814503545856
1143.4,3.9071518628387274,1.186391199062509
1145.4,3.9329056027991327,0.05643879672662132
1147.4,3.937106747853331,-0.07150755662876207
1149.4,3.8568839036418567,3.2862856045841395
1151.4,3.7491358385140914,7.563904654067489
1153.4,3.925370459578765,-0.05910602955103106
1155.4,3.9976352544056444,-2.953329306939235
1157.4,3.9472430357520514,-0.6774649534436937
1159.4,3.9306428355198646,0.05
1161.4,3.9286547025799203,0.14932363171256782
1163.4,3.9306786400294733,0.07076963517670772
1165.4,3.9314493827657304,0.04976495518517402
1167.4,3.9292160837351577,0.1581879543706482
1169.4,3.8868682947911157,1.9237906078743652
1171.4,3.8503056534554614,3.341906779915647
1173.4,3.9249092840574153,0.08565423899425786
1175.4,3.9426411588322368,-0.6068058957866251
1177.4,3.9395133549361474,-0.38261480666627035
1179.4,3.8903869111761438,1.7034328448132043
1181.4,3.758615221831456,7.088590281700627
1183.4,3.8692647366686486,1.9932935655793924
1185.4,3.9643749121164826,-2.0084009942779635
1187.4,3.9190644962028616,0.0408889441836738
1189.4,3.837695445917351,3.458449632297293
1191.4,3.992039918197488,-3.1044510767823628
1193.4,3.9625226809234553,-1.6485684328600327
1195.4,3.9255680207803128,-0.003289282943419361
1197.4,3.8831122374734153,1.7651972639664812
1199.4,3.8901676801385476,1.4635076131096727
1201.4,3.842697762602645,3.4134703648080684
1203.4,3.8163778969780005,4.408529272758146
1205.4,3.8323722611598887,3.4876477344291343
1207.4,3.9545979216341003,-1.742065443279027
1209.4,3.9175304349300233,-0.006326413878588753
1211.4,3.931430992888542,-0.49151396754539556
1213.4,3.919371383713178,0.05223477192379676
1215.4,3.625448138086598,12.347406696551412
1217.4,3.5973489820872735,12.896923531937627
1219.4,4.044761823140146,-6.282305552286454
1221.4,3.905325342578185,-0.011262185046317744
1223.4,3.9143746022925474,-0.21152987736555415
1225.4,3.9638848267364457,-2.2144848543444287
1227.4,3.913062925619004,0.07414841913994086
1229.4,3.912431639059396,0.07641413830031107
1231.4,3.9136488722452447,0.0601592039918248
1233.4,3.944452878436326,-1.164076295314993
1235.4,3.900770113850411,0.7368419406289695
1237.4,3.8867610993469186,1.288405664919805
1239.4,3.883619750440171,1.3777583739844164
1241.4,3.89521643300232,0.8338922046085822
1243.4,3.900107859577354,0.6217639892105793
1245.4,3.8877409362392252,1.1419496863487644
1247.4,3.8784932848751077,1.484325290351797
1249.4,3.908794582612873,0.18966841320709968
1251.4,3.8886383630318857,1.0605988366265269
1253.4,3.9102063253387853,0.12125570099048043
1255.4,3.9125224745223846,0.059266483050339276
1257.4,3.9014619349702664,0.5429539916722013
1259.4,3.9022996609319467,0.5139260111690431
1261.4,3.8961257014196975,0.7716790202075341
1263.4,3.8994771648059525,0.6217403779750551
1265.4,3.891415686205443,0.9526332408221356
1267.4,3.8919574426802686,0.9034186329097047
1269.4,3.892625370091074,0.867645412761781
1271.4,3.855087304902578,2.38803000584922
1273.4,3.874114372283922,1.5089022959533007
1275.4,3.6216665093312126,11.8843649060735
1277.4,3.8306559291706463,2.3506312278703168
1279.4,3.702615140770625,7.465536068365927
1281.4,3.8489313121076534,1.0357891482056314
1283.4,3.7475499365087055,5.181357570477935
1285.4,3.7423337026839247,5.1729694781526
1287.4,3.73502323640885,5.257653737250015
1289.4,3.7241328859071072,5.490452752537831
1291.4,3.7324754122722985,4.92964289178989
1293.4,3.728391765510298,4.91666480634226
1295.4,3.7254934629512046,4.859433310924062
1297.4,3.723066450674146,4.793458023819845
1299.4,3.735222590361122,4.119887186505382
1301.4,3.8414234638362132,-0.25268275804378004
1303.4,3.9224645563031784,-3.326925747628637
1305.4,3.8984272332751067,-2.024516163873873
1307.4,3.948646551695378,-3.7585586449486437
1309.4,3.868966546930785,-0.15183750930090473
1311.4,3.9411640735849307,-2.883198074691582
1313.4,3.879930551108794,-0.13909358989651455
1315.4,3.8810987183329106,-0.026396410320435576
1317.4,3.816762093866894,2.702140422395993
1319.4,3.848112935567164,1.2591587007688942
1321.4,3.879608344199303,-0.02070859633575063
1323.4,3.8701717455159406,0.38701593380931465
1325.4,3.8747073299456356,0.23960937787927214
1327.4,3.8493762253412354,1.308299204977579
1329.4,3.781651540403278,4.053740367866218
1331.4,3.6856650966532736,7.73704242298798
1333.4,3.6791834915919375,7.570402648402163
1335.4,3.692307420484891,6.6381195006880285
1337.4,3.7468130770371135,4.082837565476745
1339.4,3.8238528257541953,0.8531871898986263
1341.4,3.8045727791719863,1.7118807311109774
1343.4,3.7445859937110173,4.17057931577269
1345.4,3.737318051048747,4.301590439151211
1347.4,3.711167891414202,5.224284432334951
1349.4,3.6702143627893817,6.67761873802754
1351.4,3.6811757272654413,5.884337267457646
1353.4,3.7183883944672873,4.1520542461970695
1355.4,3.6819582830160225,5.499391677143498
1357.4,3.777380082040749,1.3994365125734125
1359.4,3.725325774236799,3.5561743198455904
1361.4,3.7991066437692185,0.4623347109214756
1363.4,3.813730664932267,-0.01650332955570108
1365.4,3.7994395805735746,0.7546061496917016
1367.4,3.819132893693977,-0.03440876550109832
1369.4,3.8095058059185622,0.5695221470862497
1371.4,3.801435313262235,0.9799799941050157
1373.4,3.698543514915017,5.22608034443437
1375.4,3.694689825753541,5.232269928236937
1377.4,3.741620307851739,3.1269376580356414
1379.4,3.6881111410970133,5.365678938695775
1381.4,3.500964056741273,13.179273195737531
1383.4,3.6720850898490043,5.37277978023555
1385.4,3.77649607551226,0.9539331862016874
1387.4,3.7846382372641756,0.8142688055426125
1389.4,3.7730428895510477,1.4511024734050528
1391.4,3.7791328416176246,1.31123704040327
1393.4,3.817846000577051,-0.21454433209064627
1395.4,3.7461115107949747,3.0976297255101533
1397.4,3.7547098852074297,2.724008360044256
1399.4,3.8248569146936493,-0.20797021330306556
1401.4,3.7635515621923377,2.5856899680910317
1403.4,3.7505418071582146,3.131319381077134
1405.4,3.826006223319983,-0.07905586764231073
1407.4,3.795508958935054,1.3492496240658778
1409.4,3.802459764452013,1.0881140287814546
1411.4,3.827211871713678,0.09405144734600782
1413.4,3.8268274079440125,0.2341839056981572
1415.4,3.6999925897052046,5.756114734113777
1417.4,3.63187492928713,8.422945178390519
1419.4,3.7490618333748476,3.098256005975315
1421.4,3.747472497517357,3.1306846544332534
1423.4,3.797881438546056,0.9191353868536134
1425.4,3.7243756237354746,4.078595611701614
1427.4,3.7233790535929083,4.026243104258627
1429.4,3.7130188937788846,4.381222335229013
1431.4,3.711385251325319,4.349147592661751
1433.4,3.7266695089595063,3.6535898933933346
1435.4,3.692724164665066,5.001695678166581
1437.4,3.678582919349632,5.473692942969278
1439.4,3.6746297164828907,5.473426041886724
1441.4,3.769527282183655,1.312983182038452
1443.4,3.7901489270737683,0.5143277290471672
1445.4,3.8114458834186618,-0.2502240601025878
1447.4,3.8153797872352198,-0.2652494976742885
1449.4,3.817517586459634,-0.21628839680329123
1451.4,4.027072524809617,-8.835795439277799
1453.4,3.7397516158504254,3.8859839092971993
1455.4,3.740715872240821,3.7116814931868927
1457.4,3.751553034391298,3.136589694679737
1459.4,3.829364149008244,-0.2532075777385503
1461.4,3.7085109732844423,4.934350346024415
1463.4,3.666371131308831,6.55929092593639
1465.4,3.621648891476547,8.149348833894276
1467.4,3.729804465661033,3.179014541821298
1469.4,3.807750008993197,-0.15641539869326732
1471.4,3.811250294606588,-0.16751660170420607
1473.4,3.746410789100229,2.6039204642019613
1475.4,4.002932982728285,-8.206979703768127
1477.4,3.824003922542946,-0.1541614511469748
1479.4,3.824296034282315,-0.0808016994414107
1481.4,3.681009648287532,6.123832505322687
1483.4,3.5975550903629907,9.422703881310788
1485.4,3.5478269583431885,11.07053889239161
1487.4,3.6275329797666336,7.247787339589126
1489.4,3.6513030609330084,5.951088633377551
1491.4,3.758184194134722,1.365510995916941
1493.4,3.701737638540736,3.7856554066197936
1495.4,3.715158299624782,3.1189625916011843
1497.4,3.7747628139932434,0.5682061446282699
1499.4,3.7412062581608065,2.056419981253937
1501.4,3.7558012272590355,1.4549322459865799
1503.4,3.7195209336761574,2.985805068276208
1505.4,3.7271317507708357,2.6284085627664178
1507.4,3.7945579770605686,-0.22848882401908815
1509.4,3.7977823406049844,-0.22733191173173792
1511.4,3.790333596952884,0.22353169906380083
1513.4,3.7495888975748985,1.9802402966245005
1515.4,3.747497971244152,2.0474027150150405
1517.4,3.745733245155681,2.0975511420883017
1519.4,3.7454535349116282,2.0878991332420553
1521.4,3.744793050030443,2.0930061089456764
1523.4,3.722142401145167,3.0049216031584085
1525.4,3.7999523917474547,-0.39161617295107215
1527.4,3.79816034733077,-0.1811044589238471
1529.4,3.7995283100904933,-0.1264520666076618
1531.4,3.8016834548952785,-0.11447776322225241
1533.4,3.804502148064233,-0.1343554948356207
1535.4,3.7698183343776983,1.383739663333735
1537.4,3.8060284179024024,-0.10445064349390856
1539.4,3.83031820174165,-1.0315689106376056
1541.4,3.757094310578681,2.1509787977044885
1543.4,3.6110590038434607,8.182607675438584
1545.4,3.57646782616125,9.18660921993859
1547.4,3.548363146871961,9.927540804939836
1549.4,3.596589679967228,7.43303333133416
1551.4,3.662064501773267,4.407221078251755
1553.4,3.762307572406186,0.13303134955253829
1555.4,3.76771595243929,0.024534384611306345
1557.4,3.7733141262025875,-0.0892697111127963
1559.4,3.776181394704027,-0.07758966046708322
1561.4,3.779052989554304,-0.0700160243848323
1563.4,3.7483043721822398,1.3162507818836993
1565.4,3.8687390662831773,-3.7577646977918615
1567.4,3.7899888419093277,-0.12484455808456796
1569.4,3.7681787274878165,0.8955063196706138
1571.4,3.7484768195164095,1.7452909898573468
1573.4,3.7219079264004953,2.814726050445647
1575.4,3.7294995744611876,2.3977592859034518
1577.4,3.7615826003801285,1.007994487217667
1579.4,3.7634723462696393,0.9349747762842426
1581.4,3.7561803870633605,1.2747702292321716
1583.4,3.7465124242515757,1.6665641556939623
1585.4,3.720129433736164,2.7403887979639707
1587.4,3.3652240831443327,17.732504752682896
1589.4,3.326974053929777,18.36623870829333
1591.4,3.285464738806179,19.1037636986373
1593.4,3.738373968328541,-0.2260386667405713
1595.4,3.74214415655288,-0.18444953093456162
1597.4,3.746463433260282,-0.17785346138119504
1599.4,3.750488559107686,-0.1704078358819291
1601.4,3.7546665976604388,-0.184119589370356
1603.4,3.7576715197240933,-0.16009773151832982
1605.4,3.692043230774082,2.762825680435507
1607.4,3.6913882389878796,2.7237627902552544
1609.4,3.737475557905725,0.7001633163978903
1611.4,3.7601817100542063,-0.1595147128522004
1613.4,3.72487058584093,1.3895690959826887
1615.4,3.747851235611946,0.4375365531766792
1617.4,3.7259618545610724,1.4156467214206858
1619.4,3.7636033927900354,-0.10971440557956288
1621.4,3.7666842041525856,-0.13012232992731773
1623.4,3.7477309420459224,0.7725762355961677
1625.4,3.7343628168133165,1.3589518298601078
1627.4,3.7336094728026787,1.3808983066210323
1629.4,3.7540264343404637,0.5033313539537029
1631.4,3.698617891221688,2.7734772310877434
1633.4,3.690024008364325,3.044321785446817
1635.4,3.712839520431738,2.014007792401614
1637.4,3.7017398936549952,2.42259235623283
1639.4,3.729334626240205,1.2407875140009637
1641.4,3.7003618284343363,2.4268713432491245
1643.4,3.6878973027917725,2.88195849333955
1645.4,3.6794988714970063,3.1289021186353208
1647.4,3.6764415677578337,3.1501145209161634
1649.4,3.6738233567972762,3.156438978724103
1651.4,3.684386150788369,2.6216064597886986
1653.4,3.7124948330338943,1.4226550754466833
1655.4,3.7104550813725505,1.5187320226076184
1657.4,3.6559060928230753,3.7364648158844616
1659.4,3.7121866784700925,1.2426581148623947
1661.4,3.7276447399162,0.6167523912628042
1663.4,3.748529721530352,-0.15460263550242356
1665.4,3.716162188804915,1.3157701743734256
1667.4,3.6977185608901397,2.0765856272621814
1669.4,3.694223628893644,2.190144354664799
1671.4,3.6209021738082283,5.208753961284393
1673.4,3.541494687177451,8.183847133548324
1675.4,3.543754050927554,7.844693847253511
1677.4,3.562318883877048,6.857972512974416
1679.4,3.635943696032526,3.528795315573671
1681.4,3.6284539513843312,3.8339916920811117
1683.4,3.65157920704267,2.777908026526511
1685.4,3.689561970155658,1.1502360436248
1687.4,3.6905691723972205,1.2059820995055726
1689.4,3.6924193920404846,1.2053862904614467
1691.4,3.6365592265011846,3.7632364873500266
1693.4,3.6402928939953236,3.5444565531532426
1695.4,3.6553628039764767,2.8668169430880153
1697.4,3.691037216759952,1.2581906595811372
1699.4,3.7264142645407397,-0.1890627144693931
1701.4,3.7198791040789065,0.24309105033672068
1703.4,3.3956918445409667,14.192561531414286
1705.4,3.4591185853471513,11.082824249317552
1707.4,3.4612094185321687,10.455303382674083
1709.4,3.7014014577785903,-0.47195301675037077
1711.4,3.702020698403985,-0.22807154458372406
1713.4,3.65937131432268,1.8112415022115673
1715.4,3.590570601565288,4.819302018741974
1717.4,3.568327207226258,5.622270091271282
1719.4,3.624121481362046,3.024853408250695
1721.4,3.664395150193908,1.2852584816928867
1723.4,3.624432433885979,3.0634664896835586
1725.4,3.5891877799000262,4.6036129861120205
1727.4,3.583273140542243,4.773902693395065
1729.4,3.6666921180069187,1.0578316188972108
1731.4,3.58983605285547,4.48162529531044
1733.4,3.6796242984476972,0.42842260892500367
1735.4,3.682599863144818,0.4265724583755028
1737.4,3.6867953894025676,0.36674657279783923
1739.4,3.6303563918599715,2.9516121258356343
1741.4,3.582892029678979,4.985903606591152
1743.4,3.577873720099443,5.033853105678129
1745.4,3.6128117954065377,3.4003558097837496
1747.4,3.696568441339481,-0.22118613763206238
1749.4,3.5961878981041497,4.3468217073268045
1751.4,3.600408566822115,4.045377779284528
1753.4,3.589962225897766,4.471921729473358
1755.4,3.5221450899222773,7.314974486466628
1757.4,3.6663033678785797,0.6823289273264164
1759.4,3.6895645619393274,-0.18305841027756983
1761.4,3.649794114742915,1.703709289334294
1763.4,3.694290371207689,-0.16145463022459314
1765.4,3.670660336667475,1.0070921507306037
1767.4,3.698898129111104,-0.13672467965453752
1769.4,3.70223572042907,-0.1534412633829212
1771.4,3.667507852250386,1.4887676889175443
1773.4,3.622748871253461,3.4439610512756973
1775.4,3.579872468433634,5.20772218978623
1777.4,3.5368630754035237,6.850870848046016
1779.4,3.626221278777788,2.6719621753699245
1781.4,3.564405919459067,5.310388289536357
1783.4,3.50899287395671,7.541070479187044
1785.4,3.527797869052848,6.4389689883549535
1787.4,3.622738707107807,2.127833382507102
1789.4,3.6674860957138207,0.21967272923704428
1791.4,3.625301369348965,2.1226608390327093
1793.4,3.6566872226261204,0.780905710593718
1795.4,3.5986721508230013,3.330024561848557
1797.4,3.5982936878184897,3.286132760183633
1799.4,3.647902450353432,1.0966417173078018
1801.4,3.6675571318944424,0.33475971343178923
1803.4,3.6827467231696334,-0.29958930321653815
1805.4,3.6236231174615106,2.422101636181286
1807.4,3.5578979410816287,5.201534359529896
1809.4,3.551346766237075,5.306958953410556
1811.4,3.589879453157526,3.5026033607204234
1813.4,3.6101204255170893,2.5757250525302062
1815.4,3.6211897341128023,2.1585559182204452
1817.4,3.626373403603793,1.9030988838325862
1819.4,3.554282103899766,5.005274583549572
1821.4,3.558983844742955,4.635978099709538
1823.4,3.670476781171296,-0.220180528675758
1825.4,3.673556676614531,-0.20248561039219784
1827.4,3.676763878122697,-0.20003050425217714
1829.4,3.6351750862248564,1.7044439075855724
1831.4,3.58979019533038,3.682143775753954
1833.4,3.5752105371495113,4.2081560350015845
1835.4,3.5680179515141637,4.384202468748989
1837.4,3.567040795672662,4.294188706012923
1839.4,3.65921096098726,0.1838692811495797
1841.4,3.660714324716179,0.21935403747663157
1843.4,3.4925586627685066,7.612230556257404
1845.4,3.391265367337882,11.677013009353281
1847.4,3.3743641897125274,11.859887158304005
1849.4,3.504180383544473,5.799015639371816
1851.4,3.5237933813516866,4.821550080361968
1853.4,3.8338559113859922,-8.321290822872417
1855.4,3.7547450227023615,-4.246482882449683
1857.4,3.6609287593766893,0.01287199626437463
1859.4,3.223324949653019,18.870159684613224
1861.4,3.1719143353158588,20.13462219306086
1863.4,3.3287249753030754,12.251470907377017
1865.4,3.4413910285893903,6.944853904386072
1867.4,3.470453420105396,5.525895628227043
1869.4,3.4997888928417455,4.167287888467237
1871.4,3.491866819375694,4.480307613969364
1873.4,3.492318516085778,4.45554172793527
1875.4,3.5086387249167728,3.7653122206167775
1877.4,3.5089366868182523,3.803806704471008
1879.4,3.5031145493580427,4.110659227400491
1881.4,3.59397795031481,0.10574676165240413
1883.4,3.6087696113810033,-0.2999976109969959
1885.4,3.6123754424199808,-0.24987238522961053
1887.4,3.8015286088433347,-8.270181378786296
1889.4,3.62662080554651,-0.1565612780148529
1891.4,3.6303644937353297,-0.1690282157406001
1893.4,3.5856415613658092,1.9525413195644366
1895.4,3.479753741996064,6.654426039472759
1897.4,3.5328153833283915,4.1834202091951385
1899.4,3.5265839329903406,4.430009772554084
1901.4,3.538624487697265,3.8099761362450777
1903.4,3.578473397789864,2.0563002370438093
1905.4,3.6016530941295573,1.0717836963536884
1907.4,3.6040659507632733,1.0704886551455985
1909.4,3.5995551942443673,1.3620757485916248
1911.4,3.5212179069101253,4.851899118656937
1913.4,3.5908523243398918,1.5912473037663077
1915.4,3.5886456553774444,1.753609868424055
1917.4,3.5516974880626617,3.4285820620118472
1919.4,3.524833336835408,4.551882014300812
1921.4,3.522967366724555,4.522342994177345
1923.4,3.52661104700926,4.254822932284056
1925.4,3.4547546007524925,7.32248193168204
1927.4,3.3570660372784604,11.271880217108128
1929.4,3.5819362372899164,1.1227176514163222
1931.4,3.465176485627753,6.3569722937561925
1933.4,3.507517841006176,4.220890114822727
1935.4,3.523903051459027,3.4649480630884386
1937.4,3.6085398111294804,-0.20946938750471522
1939.4,3.469660655418522,6.142193907368177
1941.4,3.3631277648051934,10.519580069611616
1943.4,3.5380869687832783,2.4960630073224457
1945.4,3.5881847877467012,0.35384014033644134
1947.4,3.5924555732155845,0.30935141088773177
1949.4,3.4634459170550844,6.098273321124328
1951.4,3.573933697438187,1.165777215007251
1953.4,3.4305524846465443,7.567552412526934
1955.4,3.433439895364565,7.161916935853694
1957.4,3.477976605872893,4.9225769647612365
1959.4,3.477340143327439,4.973676030315897
1961.4,3.399503752449225,8.180488707182176
1963.4,3.531010899289075,2.1733903806122705
1965.4,3.4308460414643687,6.6045569955153685
1967.4,3.3860767790697324,8.339272844506864
1969.4,3.523396313566865,1.9993306920806464
1971.4,3.5614701928181765,0.41562197568761555
1973.4,3.580095234049461,-0.19024305401966166
1975.4,3.4653452819842623,5.042070006196928
1977.4,3.468219990736605,4.781572284164842
1979.4,3.479231611345493,4.189849447349394
1981.4,3.441996252616472,5.7588476161897075
1983.4,3.4162179222772053,6.720412184253189
1985.4,3.44031636139438,5.43284628545471
1987.4,3.440605010038536,5.29551848189221
1989.4,3.52519407704594,1.4995047245959292
1991.4,3.4583538917209236,4.525522531214185
1993.4,3.3815932804299242,7.742042161473499
1995.4,3.388352970665522,7.183901721466844
1997.4,3.518948102820595,1.3149952397393279
1999.4,3.411522399861692,6.110750466603863
2001.4,3.552095302006418,-0.019825498033871257
2003.4,3.5606287753027575,-0.1484463223150981
2005.4,3.4737737955081376,3.8881207206063415
2007.4,3.5701887551303098,-0.4199249364613113
2009.4,3.570195958572244,-0.1940595530702261
2011.4,3.573975023049182,-0.1516397011141839
2013.4,3.579155974828198,-0.19064903557235888
2015.4,3.5832736356361403,-0.19292681292865574
2017.4,3.5335286804544603,2.1185024358001274
2019.4,3.580433063735339,0.08551614398728474
2021.4,3.4267137282498235,6.794053193749537
2023.4,3.567727405415532,0.4318410504225247
2025.4,3.4855577113202356,4.0219058713348135
2027.4,3.3519151806777114,9.713311354889266
2029.4,3.3848130050084007,7.86866352757864
2031.4,3.5323395750602375,1.3015347351531572
2033.4,3.515338854434747,2.061250795290414
2035.4,3.5341538599103424,1.243419108337507
2037.4,3.56982440883533,-0.275877478987666
2039.4,3.5308139218444796,1.5845153297392172
2041.4,3.427016725709495,6.062371578733861
2043.4,3.567393054515882,-0.1887193925845232
2045.4,3.5552820867468227,0.5411352550859954
2047.4,3.5008874259989784,2.952952100268432
2049.4,3.7413794319096465,-7.424958437919554
2051.4,3.5863881142901053,0.02768293481905074
2053.4,3.5915402895451374,-0.07948533966103764
2055.4,3.5936184371725517,-0.056249679993312186
2057.4,3.5955586381547975,-0.03464116004627083
2059.4,3.7060536932107895,-4.763895257294739
2061.4,3.6982857175903905,-4.073435403239454
2063.4,3.614882904426103,-0.17965451288868212
2065.4,3.611542980327541,0.009544373565693359
2067.4,3.589142324590799,1.0087300799759444
2069.4,3.5727164333778147,1.7130584777368048
2071.4,3.5075199078930304,4.43856843386792
2073.4,3.461935875175841,6.213483315886047
2075.4,3.584358191556118,0.6119394474889478
2077.4,3.447573410643612,6.5072169808703775
2079.4,3.3707466212052717,9.58199439041527
2081.4,3.3518890252577065,9.944539275441258
2083.4,3.3638904473636924,8.969887456056979
2085.4,3.267202029814587,12.688255518285764
2087.4,3.325030016578155,9.60240706437949
2089.4,3.4644355466083,3.2355572280054665
2091.4,3.441310868805123,4.203197683967072
2093.4,3.388794763070932,6.352392435723985
2095.4,3.4572151196238368,3.159850488601436
2097.4,3.4299497803238066,4.284547198836556
2099.4,3.3368271420701916,8.211469995475138
2101.4,3.3794521202491907,6.184565529196504
2103.4,3.472614911518541,2.0546156788931036
2105.4,3.450285935195067,3.1181564440048546
2107.4,3.487128419609842,1.644539511082432
2109.4,3.4431723683571698,3.735613028152574
2111.4,3.401467248816652,5.632197447828535
2113.4,3.5333644772781456,-0.16971176851228267
2115.4,3.6518195549451224,-5.0145297641675945
2117.4,3.5514670080228856,-0.20609744776557576
2119.4,3.5342418150598256,0.7715935333011047
2121.4,3.5475250692757583,0.2643679874718503
2123.4,3.5496116218876614,0.3230141778015332
2125.4,3.5639061807537376,-0.16339458548870542
2127.4,3.477771523495838,3.791943584500101
2129.4,3.3473748183692424,9.604999230919278
2131.4,3.426711674509631,5.6683267031830145
2133.4,3.382504282318925,7.51474185376676
2135.4,3.2897760320192186,11.437011709722801
2137.4,3.3725895737160765,7.418146685130433
2139.4,3.2342370842548753,13.390362997918448
2141.4,3.487299224686013,1.5099636741727858
2143.4,3.4558586618671034,2.8378389384762737
2145.4,3.5263975091311317,-0.12353538025889015
2147.4,3.5335929534537867,-0.19895223713474505
2149.4,3.714883003949014,-7.902234366400391
2151.4,3.6638214294129106,-4.990616314619959
2153.4,3.599387399318521,-1.844769242953374
2155.4,3.564945964492525,-0.1255377574684953
2157.4,3.568051957355876,-0.14447700457267673
2159.4,3.5223833135098266,1.94670628692908
2161.4,3.53311408668074,1.4567263428944877
2163.4,3.532954029700075,1.4763407135225481
2165.4,3.533112477995496,1.4808952589282285
2167.4,3.494348634124312,3.210627403828685
2169.4,3.5495868261904286,0.7069806290112695
2171.4,3.5530098104037955,0.5799736564090464
2173.4,3.4088557640635675,7.1764496596388945
2175.4,3.2053928537202543,15.78291381484487
2177.4,3.244470587664918,13.253101969967824
2179.4,3.481583042897496,2.0740170016677695
2181.4,3.4585479630375895,3.1415350668319566
2183.4,3.3417622911185503,8.375980488667544
2185.4,3.3382068219742735,8.251152923086945
2187.4,3.405624622053141,5.021695450948101
2189.4,3.3954589330340004,5.413677091945139
2191.4,3.354083509531423,7.094269372883993
2193.4,3.3507557063336004,7.042455115888029
2195.4,3.2502081582858255,11.31810360030899
2197.4,3.263020875194766,10.316687244472936
2199.4,3.4997092799725893,-0.19238063862546426
2201.4,3.5076629171980684,-0.22949733365417324
2203.4,3.403118409484074,4.729012322173898
2205.4,3.48208471473061,1.184582632550349
2207.4,3.474345415073111,1.610671819590268
2209.4,3.4763380217287505,1.5924099260241507
2211.4,3.47295439804142,1.826931727205928
2213.4,3.317210561630163,8.671412017729153
2215.4,3.217954567233545,12.691560657829845
2217.4,3.435039941125486,2.7361815308689628
2219.4,3.4557003225140326,1.8465784636171434
2221.4,3.313869696648304,8.18750032934682
2223.4,3.325115166801684,7.359663900759934
2225.4,3.365453853038434,5.593789596916307
2227.4,3.2758104762632647,9.303571370932605
2229.4,3.2853751525465795,8.566083539724545
2231.4,3.4458691998852,1.4022183986663146
2233.4,3.378753636521043,4.420610941226799
2235.4,3.32388847990486,6.7148732297308635
2237.4,3.265211772572682,9.06898164970355
2239.4,3.300937738153096,7.220715106409236
2241.4,3.255048794095978,9.071405916559696
2243.4,3.3215633077195625,5.877063633000084
2245.4,3.3430624477337467,4.838088013024371
2247.4,3.357567311999038,4.171650264479582
2249.4,3.45673585892076,-0.1349609595838666
2251.4,3.6399996236451466,-7.577362752626216
2253.4,3.612978048181988,-5.701715200741371
2255.4,3.6883842419000694,-8.338286693162068
2257.4,3.612686229970173,-4.264577751455492
2259.4,3.505292123712568,0.5996779607245061
2261.4,3.5218390559413986,-0.011498106349862609
2263.4,3.494993137296086,1.2447343742177301
2265.4,3.4839783054792166,1.7200168928877742
2267.4,3.493211298122929,1.3080974098595881
2269.4,3.439864990106249,3.6014331632006615
2271.4,3.4456892136203088,3.242600097296174
2273.4,3.4358651645132388,3.579696990411793
2275.4,3.4308463263960207,3.6968339471653753
2277.4,3.09973169152607,18.07971500232046
2279.4,3.004656540002487,21.248358627922666
2281.4,3.4113899765771105,2.891182638183111
2283.4,3.485894440607609,-0.2404937928833603
2285.4,3.370614742429145,4.957709557118487
2287.4,3.424655588489544,2.560243881126087
2289.4,3.391845284623101,3.9863118205242762
2291.4,3.394465321107048,3.780389827408659
2293.4,3.4885384774013426,-0.2076248523448562
2295.4,3.494033446842242,-0.2093610321227328
2297.4,3.4609838377960527,1.3922991897168573
2299.4,3.468673406914492,1.091016945598661
2301.4,3.4530603191720894,1.8144714956925767
2303.4,3.438530353985716,2.4212085250132054
2305.4,3.4269558472886668,2.918685261883352
2307.4,3.455022582710899,1.7374332985061385
2309.4,3.422698307310789,3.205043723397411
2311.4,3.407827477067558,3.88127996305708
2313.4,3.4095881289636436,3.791779854590791
2315.4,3.5008320631750407,-0.18562609884867057
2317.4,3.503385763059201,-0.10933525619878995
2319.4,3.4188381665048047,3.7740491033209067
2321.4,3.4157062947871886,3.906938665843154
2323.4,3.423907431256841,3.493808906988869
2325.4,3.464999993545785,1.6261957758225525
2327.4,3.4258703449539167,3.4563271115646557
2329.4,3.466796715453696,1.5755372282549658
2331.4,3.411856278638815,4.170060285797842
2333.4,3.3600313830713966,6.353547808236302
2335.4,3.4535294049290606,2.0179085892223316
2337.4,3.4302768984218797,3.032645426118841
2339.4,3.5029271771329884,-0.21126988460385845
2341.4,3.506209933108993,-0.1958628334954725
2343.4,3.5090628383367104,-0.17448923082927065
2345.4,3.5119047460003427,-0.16307838245979225
2347.4,3.51487612896306,-0.16823470595117146
2349.4,3.5171963659916257,-0.1639185480001828
2351.4,3.519001816623939,-0.13145836225281557
2353.4,3.5218758867674835,-0.1555275088377493
2355.4,3.518855731495765,0.05466302371872089
2357.4,3.4902237275761245,1.4474984846331873
2359.4,3.395725409391916,5.607640197200709
2361.4,3.1135510320201103,18.33875804757062
2363.4,3.177659211147663,14.172682511770367
2365.4,3.3254928303106515,6.89734888377973
2367.4,3.403027149767692,3.304432948110331
2369.4,3.26826448575176,9.302619713502967
2371.4,3.3036209280638915,7.377956043262187
2373.4,3.4005346545786894,2.914902819709806
2375.4,3.4018066841919055,2.890244763507318
2377.4,3.402493386533468,2.8843393730060263
2379.4,3.3511075550195124,5.205667083845427
2381.4,3.3297689166022773,6.013696921990847
2383.4,3.2793592537550627,8.107855881438184
2385.4,3.2752021821599007,7.860644674046817
2387.4,3.355632518025993,4.166999475777269
2389.4,3.305183723381165,6.294601883433656
2391.4,3.371465412392812,3.1997049112192504
2393.4,3.402953724208935,1.8559006843260348
2395.4,3.4540248424541926,-0.2165210985676632
2397.4,3.6393183836140683,-7.964041900184695
2399.4,3.454768787828944,0.6715374809829434
2401.4,3.389566284925218,3.60741343875318
2403.4,3.3907664548660557,3.4707239480489815
2405.4,3.3735845115198346,4.145071763422806
2407.4,3.3707128598749523,4.1613039564898795
2409.4,3.3736172323931783,3.924364824989734
2411.4,3.46840083666954,-0.20203576773979545
2413.4,3.43347044532967,1.5340504484109094
2415.4,3.3356246377371517,5.729711102989759
2417.4,3.3261116857706545,5.941657852511418
2419.4,3.3185938966537587,6.0516894409272295
2421.4,3.317924009533901,5.876564752672939
2423.4,3.45821561257329,-0.2457544282783698
2425.4,3.4639604397160553,-0.24754367679602057
2427.4,3.575112105784713,-4.930621726605308
2429.4,3.137412814944603,14.140339407436805
2431.4,3.118936923362163,14.227523189801529
2433.4,3.1064713259948236,14.073068738921112
2435.4,3.189793486425317,9.757035195899553
2437.4,3.265688071873082,6.359337494716582
2439.4,3.2521613234258684,6.729692258808905
2441.4,3.413495045994871,-0.09559447864396521
2443.4,3.424717405790781,-0.18610861476319165
2445.4,3.4335231715545866,-0.21199185308563942
2447.4,3.1845204683684223,10.578318983697734
2449.4,3.1612382295639785,11.093136763764463
2451.4,3.13278197105919,11.79632546740066
2453.4,3.1505400465589397,10.491729639971208
2455.4,3.2563560397693805,5.644662633641404
2457.4,3.369559906687982,0.4323405361927204
2459.4,3.556679925116453,-7.317354632295062
2461.4,3.602000047415285,-8.440632097294936
2463.4,3.4365090799114166,-0.4415911894543859
2465.4,3.3786710850052457,2.184992909344902
2467.4,3.411056841665323,0.8277945901599253
2469.4,3.3799677662470606,2.185347378939258
2471.4,3.3521307795791597,3.3128194088509497
2473.4,3.3552700053660245,3.1128303718198413
2475.4,3.3406502996949694,3.6291990464181265
2477.4,3.392847986995854,1.3490573009251037
2479.4,3.3446845579040603,3.46349323189334
2481.4,3.4106853666150156,0.5105301334184356
2483.4,3.38920555512814,1.5050767970284955
2485.4,3.3587264697049455,2.826620465011561
2487.4,3.319891622033059,4.43439275519715
2489.4,3.1376995237869387,11.838236777690463
2491.4,3.1567790801581133,10.773376053588619
2493.4,2.9664918981989428,18.005689419772693
2495.4,3.063652680073651,13.982804186455065
2497.4,3.310959606191381,2.6330910625603154
2499.4,3.3409115197324697,1.5786411679197763
2501.4,3.3352068000520005,2.1347888945464004
2503.4,3.173398166332831,9.461298337686246
2505.4,3.2084486489616157,7.545080416757409
2507.4,3.3543806532594647,0.7995304666017582
2509.4,3.3838723376075297,-0.23745006439724448
2511.4,3.570408628720089,-8.062955031558511
2513.4,3.4335078192143413,-1.3296949452992006
2515.4,3.2406939995689563,7.472031197659747
2517.4,3.1458285471431324,11.258910576861041
2519.4,3.1146818938572367,11.972842002637247
2521.4,3.0744997792919233,13.018826393591644
2523.4,3.0099429274582072,15.075128756654026
2525.4,3.0395946116045853,12.862878799460743
2527.4,3.341637656874739,-0.49852494144232956
2529.4,3.5222074561023202,-7.64322002338954
2531.4,3.3632961414297133,-0.2508103826750051
2533.4,3.370630143391454,-0.3083855859925259
2535.4,3.2903746272523557,3.248617457055084
2537.4,3.3775804874749094,-0.39415153419324467
2539.4,3.378661178235578,-0.2279003923748284
2541.4,3.2964466414604723,3.5204634151436247
2543.4,3.0910866759605073,11.889975088815492
2545.4,3.0772180604593684,11.776630916935556
2547.4,3.0560584896207907,11.996356288051416
2549.4,3.33829428388069,-0.29358751262930843
2551.4,3.3441021283349843,-0.26189332473841836
2553.4,3.3367406364309953,0.25115055046903534
2555.4,3.315565806081768,1.1840702261649478
2557.4,3.2624484430492444,3.5637763616015277
2559.4,3.1997608455416473,6.057357253639569
2561.4,2.9964455189622647,13.919986004814808
2563.4,2.9212385614933356,16.175092216204884
2565.4,2.887657316582948,16.517933599021692
2567.4,3.229032388462762,1.8072107892930962
2569.4,3.283769124509948,-0.09373879268363076
2571.4,3.280987370287477,0.35433395575451326
2573.4,3.2982252420108527,-0.19772946350246404
2575.4,3.358665546294255,-2.4100284706870196
2577.4,3.5057770671636934,-7.860294149293519
2579.4,3.3353640274941565,-0.2544596772066464
2581.4,3.3335454592082834,0.012057327942327192
2583.4,3.209293700225502,5.051220040946434
2585.4,3.204782329889625,5.069909621658291
2587.4,3.3088488168834957,0.7259514150969704
2589.4,3.4889549941430222,-6.421528574192209
2591.4,3.4277964584388276,-3.3277471380768806
2593.4,3.4624982595516385,-4.356412384643539
2595.4,3.3577317463126013,0.27526139451637294
2597.4,3.326264264341585,1.5274213803148833
2599.4,3.273240186111542,3.620969015396429
2601.4,2.9387087146899202,17.11827980011831
2603.4,2.7976770701966402,21.302701519311384
2605.4,3.181978316613545,4.870102238173293
2607.4,3.272245155659412,1.251594267362662
2609.4,3.2789659727925318,1.0834214401345001
2611.4,3.291650177073536,0.753502876370259
2613.4,3.1935274910452347,4.716020230807395
2615.4,3.1875268308091163,4.800609483621909
2617.4,3.108433808124528,7.642056553065555
2619.4,3.0890716387871695,8.000533440056538
2621.4,3.0460972199129253,9.458789361394475
2623.4,3.025201184879635,9.736820165237267
2625.4,3.008939025915967,9.837136116781226
2627.4,2.989967183546602,10.029529981038522
2629.4,3.2434726755629395,0.07279643789144236
2631.4,3.260314275462595,-0.24563480244748237
2633.4,3.2226619649421058,1.524172038152053
2635.4,3.142419520897502,4.357931421297581
2637.4,3.1106826496598194,5.601822666251699
2639.4,3.091352400840408,6.082441640363901
2641.4,3.073799172011411,6.479189373433331
2643.4,2.989691995921425,9.357364783088068
2645.4,2.9754860234240463,9.348500552382788
2647.4,2.965978163360281,9.165366288293512
2649.4,2.9429510208916674,9.296703492839022
2651.4,3.1572642699892484,1.4059329590489524
2653.4,3.1553178388773526,1.712669728616537
2655.4,3.2342170366374234,-1.2311154759951584
2657.4,3.3863054210949803,-7.036334862831749
2659.4,2.9319263822189083,10.975380945910212
2661.4,3.18128113134788,1.2081180288676552
2663.4,3.151957305480994,2.6788525330817365
2665.4,3.2076919552808256,0.5965152815493313
2667.4,3.229926712316221,0.01652571812202458
2669.4,3.241647905620996,-0.22538338486388854
2671.4,3.108055084684734,5.482713675191077
2673.4,2.9974036117208755,9.693048552592764
2675.4,3.031079269207768,7.878721372201115
2677.4,2.9871047916301556,9.245727332668073
2679.4,2.981552722277703,8.956432122682088
2681.4,3.064103221996704,5.065808081209395
2683.4,3.1958376041962557,-0.17534620499421166
2685.4,3.205513646656915,-0.1981751114743869
2687.4,3.0907340836658763,4.6815735870960715
2689.4,3.1438895137256093,2.2725439868246458
2691.4,3.2018012408447687,-0.19531198239583872
2693.4,2.989231720523824,8.95556501710545
2695.4,2.9672779873864177,9.303163356863308
2697.4,2.9714609495078372,8.61290893577025
2699.4,3.00514920145594,6.752287861160892
2701.4,2.995334354371042,6.744776303164257
2703.4,3.103946502730587,1.9282450460789096
2705.4,3.047198013210841,4.232709031411228
2707.4,3.0257313684139326,4.907632596385698
2709.4,3.0051867927034617,5.473492087190374
2711.4,2.9496110559582602,7.464904349829977
2713.4,2.9139527527334246,8.49434711422845
2715.4,3.1087368941549123,-0.21973941735363414
2717.4,3.128737155349696,-0.11093853275150424
2719.4,3.1954099917057848,-2.5112715440573794
2721.4,2.7436269805137603,17.141556420431673
2723.4,2.963612858819114,6.7750512072315106
2725.4,2.9078792159115814,8.623761302828287
2727.4,2.8933920339395365,8.624902114068453
2729.4,3.069286862139659,0.5806106055315479
2731.4,2.9831959179266736,4.291334110406726
2733.4,2.882259911631044,8.208381257763739
2735.4,3.0355848787682493,1.127767519925373
2737.4,2.9787750431071913,3.6459806589997044
2739.4,2.866681799459702,8.190486492443432
2741.4,2.881895963577829,6.960479066934119
2743.4,2.8494701302578647,7.804281547335028
2745.4,3.0046576057094665,0.4797697271444498
2747.4,2.9973160379683974,0.8037333263273183
2749.4,2.9035752338516887,4.7250000000000005
2751.4,2.8548688912454425,6.497637489587692
2753.4,2.887990323010079,4.452093978730683
2755.4,3.0085539788728006,-0.19609979725426627
2757.4,3.133537697758662,-7.809468401977232
2759.4,3.1841002522182995,-8.098437285691542
2761.4,3.1420814324851274,-0.6901457334554317
2763.4,3.1318483049102066,-0.14912882155548715
2765.4,3.128846062604655,-0.13028527538174556
2767.4,3.127856562083025,-0.15082307733579578
2769.4,3.1225251988783906,0.16419251475629204
2771.4,3.0901430881284155,1.5421325895430433
2773.4,3.0801901548033457,1.8454984718579772
2775.4,3.0765821434793827,1.8381190860415233
2777.4,3.1183530026752395,-0.09954639486270644
2779.4,3.1189926662322303,-0.05174558744530616
2781.4,3.1569714609562123,-3.957347988198066
2783.4,3.146219343542105,-1.157400519122658
2785.4,3.127557657672315,0.27235631900014423
2787.4,3.06937961712591,2.7507369543443803
2789.4,3.0875353649461417,1.708409467029428
2791.4,3.0847725175178393,1.681009179919763
2793.4,3.0855148907448977,1.4917174335274932
2795.4,3.0372546797777233,3.497818679421627
2797.4,2.966657674805815,6.272521860888583
2799.4,3.0051616230583655,3.967081116632038
2801.4,3.005819875352499,3.556829111821308
2803.4,3.026599220396574,2.22673948079791
2805.4,3.05074113100359,1.014915010991042
2807.4,3.0281033443605585,1.8590170730822186
2809.4,3.02387948579398,1.849739977748479
2811.4,3.007639884632217,2.3756585108991057
2813.4,2.9876899243296227,2.9524150382403187
2815.4,3.0076944374111068,1.6881302715822026
2817.4,3.0179928296982084,1.0649087194898996
2819.4,2.9938985018860245,2.010183442808003
2821.4,2.951702330753946,3.540681136912266
2823.4,2.937603813398206,3.722154170246264
2825.4,2.9266471243288943,3.723035248683469
2827.4,2.9099871107903588,3.9602260627826706
2829.4,2.897187646176274,3.9705512658229356
2831.4,2.8803423299197255,4.145170157059627
2833.4,2.8670315848549293,4.091440896984407
2835.4,2.8994154881016994,2.124765428860626
2837.4,2.5410781460588363,17.89075210784989
