time,voltage,current,temperature
1.4000000000000001,4.0961264458957825,0.0285714285714285,28.825699920151116
3.4000000000000004,4.096057573877289,0.0285714285714285,28.825897599379275
5.4,4.096006860589343,0.0285714285714285,28.82622673239079
7.4,4.0958881523763555,0.02858037534638098,28.82668749918367
9.4,4.09589547351642,0.0285714285714285,28.827280149726953
11.4,4.093613132783748,0.08007562745484781,28.82800500357474
13.4,4.060462544844081,0.8596394030665789,28.828859496430987
15.4,4.026409238643565,1.6266223449971666,28.829845166091705
17.400000000000002,3.9920803827810594,2.3687830971214563,28.830964167873454
19.400000000000002,4.087152949583441,0.0036145481043169344,28.832217063474236
21.400000000000002,4.0877401895353325,0.0,28.833604479137097
23.400000000000002,4.088052593525929,0.002410323335370559,28.835127104420355
25.400000000000002,4.088166240953801,0.007190086221840824,28.836785690840717
27.400000000000002,4.087768051250737,0.018485196288211547,28.838581050387873
29.400000000000002,4.083815804655591,0.12116434361774225,28.840514053908663
31.400000000000002,4.0888629853629155,0.005716479876975526,28.84258562935964
33.4,4.088207036675235,0.0285714285714285,28.84479646380203
35.4,4.088405850598466,0.0285714285714285,28.847147375777954
37.4,4.088627482326623,0.0285714285714285,28.84963996872475
39.400000000000006,4.08885090272282,0.0285714285714285,28.852275226094083
41.400000000000006,4.131757755677719,-0.9790579802839455,28.85505432500199
43.400000000000006,4.133461689417105,-0.9714285714285714,28.857978485534538
45.400000000000006,4.134848971706337,-0.9629518449849374,28.861048968011218
47.400000000000006,4.1366225868290964,-0.9571644014337755,28.864267070103484
49.400000000000006,4.137927547835051,-0.9578880561453504,28.867634123641874
51.400000000000006,4.140455291467159,-0.9714219369014783,28.87115149187177
53.400000000000006,4.138109221117764,-0.885714026879271,28.874820565663256
55.400000000000006,4.139512470292586,-0.8857142857142858,28.87864186376761
57.400000000000006,4.141512936037886,-0.9034025298923342,28.882617338427806
59.400000000000006,4.142764452495325,-0.8997955393290588,28.88674871786351
61.400000000000006,4.143344415833472,-0.8857142857142858,28.891037460216264
63.400000000000006,4.144259967016009,-0.8857142857142858,28.89548503215122
65.4,4.145665448091279,-0.8857142857142858,28.900092904654844
67.4,4.146714672204576,-0.8857142857142858,28.904862234597697
69.4,4.147485182077451,-0.8857142857142858,28.909793911366126
71.4,4.148647100780771,-0.8846160298411703,28.91489037658738
73.4,4.149518163752288,-0.8827982468383077,28.920153066860195
75.4,4.149694574508108,-0.8747423295224026,28.925583400919155
77.4,4.108262181893018,0.1481378491898947,28.93118188082378
79.4,4.150558955065872,-0.8575827539446945,28.936950637305305
81.4,4.152104935580247,-0.8714286681916512,28.942891735072962
83.4,4.1524108433041995,-0.8626925697549973,28.949005681095574
85.4,4.151887535059779,-0.8284059342510932,28.955293723146678
87.4,4.151701556602862,-0.8125147834743869,28.961757058550326
89.4,4.151758774757796,-0.8,28.96839682834147
91.4,4.15064192996871,-0.7556852525684687,28.975214112502808
93.4,4.15105251569477,-0.7530689702352789,28.98220992372936
95.4,4.152095708811749,-0.7719146715050672,28.989385202043017
97.4,4.14080377842323,-0.487538592831178,28.996740515953025
99.4,4.154198023443705,-0.7999999255523974,29.004276012404212
101.4,4.154573594362052,-0.8,29.01199320071551
103.4,4.154678540098304,-0.7874186630849224,29.019892665641912
105.4,4.12186590830185,0.005888231296986214,29.027974889639733
107.4,4.121185431993079,0.0,29.036240247713067
109.4,4.120277032884365,0.0008955580057921084,29.04468900185534
111.4,4.1192904446205745,0.003199497368725524,29.053321295500655
113.4,4.117405810809304,0.0285714285714285,29.062137147610454
115.4,4.116270245718465,0.026008058883085057,29.071136447677993
117.4,4.1081316821766345,0.205742744314397,29.08031802825886
119.4,4.114827905234032,0.025658139661091563,29.089679491457204
121.4,4.114072115866995,0.0285714285714285,29.099224504090873
123.4,4.11368928925836,0.022620204180571736,29.108957619725576
125.4,4.11285118008321,0.026669376276743127,29.11887224983466
127.4,4.11292609248904,0.011931894729015749,29.12896742814327
129.4,4.112582330067815,0.009188835694199714,29.139242028911884
131.4,4.112501858093665,0.0,29.149694762912922
133.4,4.112100652678749,0.0,29.160324173638834
135.4,4.111446718809522,0.0025888180565016316,29.17112863375573
137.4,4.111154402730236,0.0,29.182106341815977
139.4,4.108977655078182,0.042246930852745446,29.19325531924238
141.4,4.110149796470989,4.76248887220981e-06,29.204573407596786
143.4,4.109582925982815,0.0035876115752577252,29.216058266144874
145.4,4.10941838749646,0.0,29.227707369728744
147.4,4.109173154317478,0.0,29.23951800695799
149.4,4.107724786524595,0.029622012235259426,29.251487278729662
151.4,4.108714245575874,0.0,29.26361209708653
153.4,4.108503796753325,9.090392183495281e-05,29.27588918442258
155.4,4.108311985849122,0.0,29.288315073043744
157.4,4.107811154494745,0.0001902364159637255,29.3008861050911
159.4,4.107566231853114,0.0,29.31359843283309
161.4,4.107391586955993,0.0,29.326448019332314
163.4,4.106046371291943,0.028650853343993973,29.33943349948013
165.4,4.105764576840318,0.0285714285714285,29.352548302032066
167.4,4.094697513957181,0.2919849708542906,29.365786853302517
169.4,4.094298221828882,0.28540551629060673,29.379144717261457
171.4,4.0912021554646065,0.3434356469717467,29.392617542410022
173.4,4.003008812471657,2.463442380303778,29.406199201509146
175.4,4.096962100119542,0.09155492904443442,29.41988440740627
177.4,3.9865658214905646,2.7763939950011287,29.433667701318342
179.4,4.0318070594092275,1.5787998629875315,29.44754345707098
181.4,4.043160158203801,1.251125391218051,29.461505885710864
183.4,4.090258127046392,0.05046073085526435,29.475549040486698
185.4,4.191825765310565,-2.3977371447411993,29.489666822193147
187.4,4.095453082844699,0.055465007242445366,29.50385298487101
189.4,4.059240769523008,0.9268276479051714,29.518101141856338
191.4,4.066248260777486,0.7286959936600561,29.532404772169937
193.4,4.034525184149193,1.4801428166255242,29.546757227237933
195.4,3.9737277362541557,2.8859413751920684,29.56115206192801
197.4,3.9795554002223756,2.633829229882708,29.57558298145131
199.4,4.089746232798506,-0.14307917925964717,29.590041990717822
201.4,3.938067247167989,3.5819270944572907,29.604522011216243
203.4,4.036230158446417,1.103531097363563,29.6190158745486
205.4,3.9963281748946313,2.02157887540652,29.63351665165276
207.4,3.9929069373164934,2.044743312826311,29.64801761172897
209.4,3.990686840763106,2.0347433241927226,29.66251036345211
211.4,3.989595037683873,2.0128591758244583,29.676987470247667
213.4,3.988062332245978,1.9886697330278988,29.69144145281137
215.4,3.943513694801021,3.030419945500981,29.705864795781984
217.4,3.9978548618145173,1.5900126631516616,29.72024995747333
219.4,3.8816911744692253,4.462637909956518,29.734589379747543
221.4,3.8338201092380673,5.488720493778811,29.74887563267659
223.4,3.8015233877128103,6.099601998731812,29.763101396374708
225.4,4.052700326374885,-0.2304549967252722,29.7772589046556
227.4,3.7520414012599304,7.3092836786237285,29.791340641613555
229.4,3.859386175008378,4.354971247988907,29.805337957577063
231.4,3.8582513465491863,4.271791036225046,29.819244418100503
233.4,3.965429609541395,1.4902884447109686,29.8330526335213
235.4,3.965888750544383,1.4994624367202698,29.8467552796442
237.4,3.965548059770273,1.514710375413582,29.86034510805265
239.4,3.9870696574627464,1.000141209569764,29.87381495637587
241.4,3.9866914312299753,1.044128510409412,29.887157758493384
243.4,3.990994575129737,0.9626822776013462,29.90036644297525
245.4,3.9915881294101383,0.9761350451805209,29.913434070164325
247.4,3.9918070734338142,0.9997098594849466,29.926354484092247
249.4,3.9893500664698758,1.086855893574206,29.939120376022913
251.4,4.004974660503062,0.7054250806505059,29.951725962911674
253.4,3.98652161505713,1.2062570971776128,29.964164813595303
255.4,3.961340697983029,1.858154070906902,29.976430536603694
257.40000000000003,3.9140278242137074,3.035196774980206,29.988517353992894
259.40000000000003,3.9092876541150443,3.0816044757317473,30.00041963379399
261.40000000000003,3.924750271094391,2.6275305464747065,30.012131659353084
263.40000000000003,3.922870325301598,2.6330422972220457,30.02364757627957
265.40000000000003,3.927262690294358,2.4651230748566206,30.034963073828404
267.40000000000003,3.985626533209466,0.9589649847723637,30.046073007316718
269.40000000000003,4.03046228635812,-0.13557750812247807,30.056972483128497
271.40000000000003,3.9831502244076726,1.1474240060092997,30.067656458476506
273.40000000000003,3.952361462577735,1.9323713576944603,30.07812123689099
275.40000000000003,3.9388972386896786,2.234507991464651,30.088362684662666
277.40000000000003,3.956781644255612,1.7348826206034664,30.098376681352605
279.40000000000003,3.9582058297637532,1.6846056383884498,30.1081602806587
281.40000000000003,3.971999192426182,1.321587361130082,30.11771023252428
283.40000000000003,3.966248409382916,1.5001446878025095,30.12702356524289
285.40000000000003,3.965960309722642,1.5062681786657022,30.13609779604271
287.40000000000003,3.967660376976535,1.4522126319525843,30.14493076437304
289.40000000000003,3.9660118176501693,1.498957312492029,30.153520384909132
291.40000000000003,3.9486874882959806,1.9341435359768422,30.161864394383752
293.40000000000003,3.9335330053978943,2.284480899614812,30.169961157516724
295.40000000000003,4.22117668331354,-5.231787913388939,30.177809380553295
297.40000000000003,4.2338285101455675,-5.23674580818554,30.185408082689733
299.40000000000003,4.178760244888487,-3.544299716007727,30.192756589297534
301.40000000000003,4.219300597027555,-4.373546239625716,30.199854573990397
303.40000000000003,4.259889365851723,-5.1628979885609425,30.206701937607367
305.40000000000003,4.064466539292001,0.11655696820969656,30.213298836601364
307.40000000000003,4.045172070849149,0.5924678701041888,30.219645752130774
309.40000000000003,4.036583283770232,0.7983506070678353,30.225743581270798
311.40000000000003,4.034690299822658,0.8174338079039426,30.231593351060138
313.40000000000003,4.0331192797189,0.8264780215159818,30.237196556275574
315.40000000000003,4.042137321846514,0.5618642214831803,30.242554969727635
317.40000000000003,4.06196306970563,0.042339129866863674,30.247670559531596
319.40000000000003,4.061282825873832,0.07024455993431676,30.25254562793442
321.40000000000003,3.8871122531161575,4.489919927320587,30.257182793588655
323.40000000000003,4.013375181501912,1.1014148214835981,30.26158496797279
325.40000000000003,4.036246472778073,0.49146326443581134,30.265754429588707
327.40000000000003,4.040388061205787,0.3935728954197936,30.26969538305533
329.40000000000003,4.0205768603664005,0.8934466746245194,30.273412215619455
331.40000000000003,4.017653972066634,0.9529349898294558,30.27690862694564
333.40000000000003,4.030087472855862,0.6003906515898809,30.28018952995984
335.40000000000003,4.047870013969231,0.15102469687727624,30.28325915049726
337.40000000000003,4.052350331104799,0.05484458954773725,30.28612204702594
339.40000000000003,4.036447226781748,0.4886995848225544,30.288783338450667
341.40000000000003,3.723116773823031,8.64082131652716,30.29124839660789
343.40000000000003,4.003239609116778,1.0906241637378367,30.29352284020815
345.40000000000003,4.044100704343423,0.04434373393258563,30.29561252784493
347.40000000000003,4.045038279739486,0.049292161536150236,30.297523551722943
349.40000000000003,4.032977822488567,0.3911306351101191,30.299262229767
351.40000000000003,4.035649077581553,0.3288264408259711,30.30083509804152
353.40000000000003,3.9362393531768127,2.8927575979770737,30.302248903721296
355.40000000000003,3.9575926694756483,2.2346033590263374,30.303510595700573
357.40000000000003,3.960004907993277,2.1067679364286236,30.30462742462239
359.40000000000003,3.9791728523147905,1.554807298297173,30.305607053555008
361.40000000000003,4.021618227029097,0.4444306312838011,30.30645868564761
363.40000000000003,4.021344786930437,0.46721813508965043,30.30718817539272
365.40000000000003,3.999263353649525,1.042043019846119,30.307802996320838
367.40000000000003,4.001555506596922,0.9735654382069434,30.30831109282939
369.40000000000003,3.9956741705404855,1.11203662743177,30.308720869458522
371.40000000000003,3.9886010604212188,1.2849211129140703,30.30904020988048
373.40000000000003,3.983304151537243,1.3992353881612016,30.309277841455796
375.40000000000003,3.983333487117817,1.3795592695784469,30.309442165494456
377.40000000000003,4.265972355931882,-5.96623536260717,30.30954143921053
379.40000000000003,4.120946358598869,-1.912326284268763,30.30958449689852
381.40000000000003,4.010538066341085,1.028614701555865,30.309581352586633
383.40000000000003,3.976262165132919,1.8647433192010834,30.309539823172184
385.40000000000003,4.012875220580072,0.8643080000239698,30.309468347156223
387.40000000000003,3.9905889544525253,1.4254151076052184,30.309375832008943
389.40000000000003,3.985054557145654,1.5365955235101583,30.30927121387436
391.40000000000003,3.934748601854116,2.7916295047213984,30.309163444022712
393.40000000000003,3.888171621237111,3.912428623226759,30.309061352961866
395.40000000000003,3.2951657831863805,18.994206816943088,30.30897372229409
397.40000000000003,3.378146378776772,16.061805723980523,30.308909919777143
399.40000000000003,3.660768340339019,8.065762718727903,30.308878834439096
401.40000000000003,3.8481571350350965,2.8525182640080704,30.308889314422768
403.40000000000003,3.919445247174429,1.031626600528825,30.30895015593418
405.40000000000003,3.922181513033014,1.043351854590338,30.3090700902124
407.40000000000003,3.932552564928278,0.8586280081892016,30.30925791293557
409.40000000000003,3.9227890996064843,1.1853203632296887,30.30952250063843
411.40000000000003,3.933102572491854,0.980913895700665,30.309871943952114
413.40000000000003,3.9819416918026005,-0.22106343614945112,30.310314598070914
415.40000000000003,3.986952340528043,-0.23323827689421442,30.310858699119976
417.40000000000003,3.99022703979651,-0.20952765718537775,30.311512352110803
419.40000000000003,4.002702728507656,-0.4339447395667899,30.31228351908281
421.40000000000003,4.002331294261114,-0.1971969570194442,30.31317875553945
423.40000000000003,4.184170971527484,-4.893596832046316,30.31420658162747
425.40000000000003,3.8319143610570605,4.637126485209247,30.315375121751106
427.40000000000003,3.6904329536944362,8.151802492436506,30.316691468062405
429.40000000000003,3.649928509009158,8.919183051690506,30.31816243186091
431.40000000000003,3.652668714440292,8.524063878924908,30.31979527229137
433.40000000000003,3.7302999102020538,6.155601798386037,30.321596531455516
435.40000000000003,3.918396074078995,1.1301242726547844,30.32357257040207
437.40000000000003,3.891867208475109,1.8934511572596762,30.325729895465305
439.40000000000003,3.895362271929053,1.826862341404453,30.328074342544245
441.40000000000003,3.9101267229958485,1.4511884076137143,30.330611244722487
443.40000000000003,3.8849853080316077,2.1935236632388717,30.333345356191124
445.40000000000003,3.7970533923097705,4.528260171811606,30.336283268098136
447.40000000000003,3.8037430122905493,4.229729823912843,30.339429961878746
449.40000000000003,3.8400905308334337,3.232476066887992,30.342790150560038
451.40000000000003,3.6916951443812356,7.108378207411023,30.346368272906723
453.40000000000003,3.6775911220358237,7.264199893504626,30.350168489191645
455.40000000000003,3.836704094665253,2.76050695851497,30.354194675081015
457.40000000000003,3.8367515861205272,2.771379009986784,30.35845041929712
459.40000000000003,3.947643310929775,-0.15027570179052352,30.362939018485754
461.40000000000003,3.8708817084884277,2.0727422041161896,30.367663474586013
463.40000000000003,3.6654294016277,7.650833562654678,30.37262649231138
465.40000000000003,3.231794689634758,19.1458599636421,30.37783047663066
467.40000000000003,3.889243303092902,0.604650111963515,30.38327753124822
469.40000000000003,3.92638597210516,-0.24125771988214212,30.388968584289763
471.40000000000003,3.9304676676707513,-0.18139292215263084,30.394906363456148
473.40000000000003,3.8779348182927764,1.4194564317919287,30.401091143008912
475.40000000000003,3.8841625712784187,1.324307238427163,30.407524443570004
477.40000000000003,3.6202624543051547,8.572923766411158,30.41420778922023
479.40000000000003,3.237869346443303,18.531173691553875,30.421140771895544
481.40000000000003,3.202950400997504,18.763348059561288,30.428323065578265
483.40000000000003,3.768473442339515,2.648715248319714,30.435754367736024
485.40000000000003,3.704247952205835,4.634450839480515,30.443434082384012
487.40000000000003,3.742132415139834,3.4957178109085882,30.451361260817933
489.40000000000003,3.7859112361252323,2.3555958419088547,30.459534760850552
491.40000000000003,3.8573861646335335,0.5548427889510709,30.46795318246638
493.40000000000003,3.889896045732149,-0.1578826765084242,30.4766147573348
495.40000000000003,3.831503753368774,1.6358530928849948,30.4855175378147
497.40000000000003,3.837142880200831,1.6043997417058447,30.494659214028715
499.40000000000003,3.8695141693087303,0.8459962600837581,30.50403725920023
501.40000000000003,3.962374143195455,-1.560498835730332,30.513648780333735
503.40000000000003,3.9969248976130136,-2.276261926666544,30.523490864960127
505.40000000000003,3.9476399027203795,-0.6887627755752184,30.533560260313035
507.40000000000003,3.965499683123754,-0.9874530135514029,30.543853472982313
509.40000000000003,3.8820645894797297,1.4586844661716816,30.554366782415503
511.40000000000003,3.8709348984774867,1.8012392178420775,30.56509628911969
513.4,3.8524974684007183,2.324286126090562,30.57603804811877
515.4,3.8203752714614696,3.2067132525586977,30.587187185687032
517.4,3.9233294943463597,0.3112018819390039,30.5985393936355
519.4,3.927741158322561,0.289924853124199,30.6100900150307
521.4,3.9210267551957747,0.5951951263629836,30.621834202153526
523.4,3.8323820121100685,3.066132464728338,30.633766920602557
525.4,3.8040327459057877,3.783502227990939,30.64588311478384
527.4,3.862027775210878,2.08880748822206,30.658178013508085
529.4,3.9209294796896614,0.4892814951967954,30.6706451291194
531.4,3.885795632071266,1.5239758907502625,30.68327976808334
533.4,3.8520376844467825,2.47166381789602,30.696075824406737
535.4,3.8131311283740703,3.500814321547296,30.70902733777095
537.4,3.9104973020811777,0.7525050666390385,30.72212795904505
539.4,3.9074612729592855,0.9028506568869589,30.735372613698477
541.4,3.8945701249076965,1.3155135636599125,30.748755086088558
543.4,3.890545987401569,1.4490648867173297,30.762269148681476
545.4,3.8647473431964827,2.1854394498740053,30.775908412344478
547.4,3.8637410438739974,2.1997472866586807,30.789667317888785
549.4,3.8711660712105456,1.9712988752945735,30.803539390493203
551.4,3.871281879455827,1.9633581226487853,30.817518068128855
553.4,3.871201929713442,1.9609962126872216,30.8315978221143
555.4,3.8682727000924806,2.0285802468996823,30.845772184784025
557.4,3.851490246006266,2.4858939988103144,30.8600347685305
559.4,3.84739440904198,2.571095994223017,30.8743799681557
561.4,3.844656298326364,2.6125873218375495,30.888801309387098
563.4,3.840432726238927,2.687247386215283,30.903292709153895
565.4,3.892685396958794,1.1613721416531115,30.91784813257351
567.4,3.8827629485358646,1.4763153530727864,30.932461601130903
569.4,3.843948845433142,2.618099941500358,30.94712720055685
571.4,3.8425620180568565,2.601188189943841,30.961839088391674
573.4,3.9115475340881667,0.6156967685336895,30.976591826315342
575.4,3.821072199472352,3.219541019537356,30.99138019700715
577.4,3.855112274443664,2.210097927035857,31.00619700224558
579.4,3.849724114825573,2.354177211731629,31.021037619257868
581.4,3.8856431908888385,1.306501481081106,31.035896154346723
583.4,3.8892822258742417,1.2296196848314986,31.050767823772624
585.4,3.9386220349277776,-0.12456240256447827,31.06564746996105
587.4,3.7978215324062,4.024361279822384,31.08053005511548
589.4,3.812422168472016,3.479023651853,31.09541066551762
591.4,3.804481889512097,3.6289516199450826,31.110284515438114
593.4,3.8006321868881723,3.645544572887519,31.12514695065672
595.4,3.8973254882255537,0.8101371630843922,31.13999311857436
597.4,3.882193202841365,1.3056415016491862,31.154818068189687
599.4,3.9367193294933993,-0.17505309453160695,31.169618554466037
601.4,3.9400268212212564,-0.15818314386025487,31.184390469640896
603.4,3.8990460302903265,1.1225188657038536,31.199129849709895
605.4,3.841868919081672,2.768900190541181,31.21383254827045
607.4,3.9213913509778546,0.4011462706518373,31.228494468122477
609.4,3.8532066374798197,2.450035366415009,31.2431132106953
611.4,3.8574837152778643,2.2996069339540903,31.25768540298553
613.4,3.8333505095713845,2.9592983475436343,31.27220782812457
615.4000000000001,3.85644532839541,2.22530644827562,31.286677417038923
617.4000000000001,3.8798521851490273,1.5194773471929757,31.30109011572128
619.4000000000001,3.940446196074672,-0.23157830446599453,31.315443591826057
621.4000000000001,3.9416648206034686,-0.16132661539897816,31.329735491145453
623.4000000000001,3.9032599286503853,1.0391271038057355,31.343963291644023
625.4000000000001,3.8871684004473335,1.5185644918702341,31.358124609684364
627.4000000000001,3.888625120797725,1.4733168599466666,31.37221719766717
629.4000000000001,3.8785761101039458,1.7705568751275997,31.386238941424086
631.4000000000001,3.847649173681339,2.641484700079764,31.400187529492715
633.4000000000001,3.8385232130562406,2.8404772608662054,31.414060526369294
635.4000000000001,3.8755831998728705,1.6775036231412614,31.427857203276297
637.4000000000001,3.8752390842389293,1.6872048294201838,31.44157594227558
639.4000000000001,3.8754293252536054,1.6723368833685435,31.455212369163355
641.4000000000001,3.9389959274904673,-0.15795791381677715,31.468767285946225
643.4000000000001,3.9084652231910213,0.8327713634180215,31.482240377978037
645.4000000000001,3.899936817240456,1.1074840012362237,31.495630454395368
647.4000000000001,3.8958395891136526,1.2438457417467867,31.508936427383833
649.4000000000001,3.9324357754260437,0.161864220406007,31.52215730781949
651.4000000000001,3.9442759240192293,-0.1004966431275737,31.535292200837855
653.4000000000001,3.7143259015026806,6.655750741559069,31.548340301345746
655.4000000000001,3.667253817367381,7.713265479203896,31.56130088949098
657.4000000000001,3.272597571881794,19.080811982134374,31.574173326104557
659.4000000000001,3.575910723490868,9.108112809761831,31.586957054993828
661.4000000000001,3.8744510482788144,0.1765523600526399,31.59965260305486
663.4000000000001,3.8823574263698664,0.10397218595602457,31.612258940260478
665.4000000000001,3.861714016033274,0.8468825463438143,31.624775404737175
667.4000000000001,3.864136978984689,0.8673055321467916,31.63720170162428
669.4000000000001,3.8611367976812905,1.0483140182608701,31.64953759025394
671.4000000000001,4.02545999632452,-3.7335399011335486,31.66178287982503
673.4000000000001,3.9148499813491955,-0.22465526071657668,31.673937425155973
675.4000000000001,3.9196473773436136,-0.23596958721148603,31.686001122527607
677.4000000000001,3.8986902449531526,0.4939246080662731,31.69797390562644
679.4000000000001,3.9211989809310674,-0.08925094693616313,31.70985644059006
681.4000000000001,3.927276523608153,-0.16700065875591652,31.721648175660693
683.4000000000001,3.907167442005063,0.5341811816455454,31.733350562171694
685.4000000000001,3.8842150067627412,1.2703855248602334,31.74496464028655
687.4000000000001,3.876025286774663,1.5223251374021822,31.756487712094017
689.4000000000001,3.8334865243414407,2.7829036357327,31.76791999768982
691.4000000000001,3.829936431511104,2.8000355259022554,31.779261521442805
693.4000000000001,3.818961570381007,3.052842963319388,31.790512416606145
695.4000000000001,3.840798746706721,2.2811162469275077,31.801672822662578
697.4000000000001,3.862305155251719,1.6133516859786068,31.81274288284332
699.4000000000001,3.8606565557297094,1.680495626329193,31.823722741817527
701.4000000000001,3.826104143654739,2.6919179565496463,31.834612543555206
703.4000000000001,3.8822407036684345,0.9359000696002117,31.845412429350553
705.4000000000001,3.8817986161787186,1.0011975316819295,31.85612253608167
707.4000000000001,3.894504258671026,0.6508459087928674,31.86674299457162
709.4000000000001,3.8887282090887663,0.8844289658072864,31.87727392816433
711.4000000000001,3.8778987406142944,1.2334805160358098,31.887715451483714
713.4000000000001,3.8651127632532774,1.638876098797465,31.8980676693658
715.4000000000001,3.858880295766042,1.8054779909829897,31.908330675968134
717.4000000000001,3.8478173021304474,2.1232775613874004,31.91850455405452
719.4000000000001,3.9074194387097285,0.3114730075482593,31.92858937445295
721.4000000000001,3.8702098318010596,1.4989169038780927,31.938584941502278
723.4000000000001,3.8445626597139446,2.261947026087267,31.948490854725254
725.4000000000001,3.864602460686836,1.5879026143899793,31.95830792218196
727.4000000000001,3.863030068014109,1.6385685202335305,31.96803615948793
729.4000000000001,3.8154704189171396,3.0489037194385116,31.97767557046088
731.4000000000001,3.809689724331648,3.1261772102504324,31.987226147519035
733.4000000000001,3.80667346374729,3.1188684624959917,31.996688192929113
735.4000000000001,3.873892208013985,1.0119130669740866,32.0060622409612
737.4000000000001,3.915010348681367,-0.154374268858292,32.01534727680901
739.4000000000001,3.8856773818176595,0.8484962718839153,32.024543260907784
741.4000000000001,3.9199299661697324,-0.11781555421240761,32.03365014588363
743.4000000000001,3.9227971194061366,-0.11385493030417869,32.04266787776188
745.4000000000001,3.926503843050958,-0.13589896407512028,32.0515963972811
747.4000000000001,3.927992055683118,-0.09755890063496456,32.06043564130568
749.4000000000001,4.0032909886600585,-2.2430310783643597,32.069185544330054
751.4000000000001,3.93715713175705,-0.06745383666054687,32.077846040067
753.4000000000001,3.928443318738273,0.2630373593260687,32.08641706311303
755.4000000000001,3.8177959704212214,3.6210613792725814,32.094898550683084
757.4000000000001,3.6467691770788804,8.586022106879373,32.10329044440735
759.4000000000001,3.7753604404707795,4.163563708195117,32.11159269218269
761.4000000000001,3.865326062027007,1.2961631882787135,32.119805250071146
763.4000000000001,3.875066356257808,1.0145528572807676,32.12792808423813
765.4000000000001,3.8242773660847598,2.552932955737998,32.13596117292296
767.4000000000001,3.813698556180268,2.8391357299450397,32.14390408339961
769.4000000000001,3.911872390275698,-0.16576754682758593,32.1517569325584
771.4000000000001,3.9150876110883392,-0.15599851706389617,32.159520067758
773.4000000000001,3.7766513689173866,4.1939613640867295,32.167192974733446
775.4000000000001,3.8145658771268764,2.8499245739699997,32.17477694450946
777.4000000000001,3.7318552046404254,5.324315875269661,32.18227118407766
779.4000000000001,3.3754257435503354,16.19306383502153,32.18967579343331
781.4000000000001,3.2189123716315846,20.004722195665344,32.19699123427241
783.4000000000001,3.8457920219493897,-0.41752510277538896,32.20421678736762
785.4000000000001,3.847163909208022,-0.23456246006455087,32.21135349038796
787.4000000000001,3.853899350937641,-0.24409631626531594,32.218401521300585
789.4000000000001,3.860348337390276,-0.25477040077185187,32.22536180311925
791.4000000000001,3.8656960011328136,-0.23563264246647944,32.232233844543295
793.4000000000001,3.870753375567286,-0.2209599204195529,32.239017992974816
795.4000000000001,3.8647176927690796,0.11523314807204339,32.2457146355559
797.4000000000001,3.8495771222042308,0.6959945893486148,32.2523242007256
799.4000000000001,3.838542854071994,1.1265336469131413,32.258847159703485
801.4000000000001,3.839617437808697,1.1474343177190711,32.265284027895774
803.4000000000001,3.797872466883353,2.4940627432543057,32.27163483606324
805.4000000000001,3.795766941438297,2.528495087061314,32.277900596734845
807.4000000000001,3.7941600440038483,2.530452799238573,32.284082141655844
809.4000000000001,3.7921098900759405,2.5587233496398265,32.2901801716341
811.4000000000001,3.811370885959724,1.9385111844162366,32.296195437660415
813.4000000000001,3.8115992563383037,1.9375461457263243,32.30212961592624
815.4000000000001,3.811768195168151,1.9320888335347215,32.307985086261375
817.4000000000001,3.8813650153229045,-0.16115676488176978,32.31376010119665
819.4000000000001,3.833383377662706,1.4464549762216419,32.319455638512885
821.4000000000001,3.817734506874809,1.951200172665463,32.32507272817622
823.4000000000001,3.6205634640217186,8.014504943814442,32.33061245275919
825.4000000000001,3.7363695699801913,4.065678161422693,32.336075947750984
827.4000000000001,3.6262486829496057,7.382291050197384,32.341464401755935
829.4000000000001,3.6211374075890608,7.185082730879978,32.34677905657983
831.4000000000001,3.6557978875504547,5.828769809297677,32.352021207203585
833.4000000000001,3.692449812333717,4.4496750988563205,32.35719220164419
835.4000000000001,3.7198267131505074,3.5122684285888957,32.36229428932419
837.4000000000001,3.7540185314494052,2.3830365723254885,32.36732827504249
839.4000000000001,3.798124457140311,1.0512849174009606,32.372295382353975
841.4000000000001,3.8021339002328225,1.0316547779191183,32.377197173742054
843.4000000000001,3.807718599830034,0.9544743662470799,32.3820352619406
845.4000000000001,3.8085305691504865,1.0174103286089689,32.38681130915106
847.4000000000001,3.8080687142045995,1.1274726044752839,32.39152702614953
849.4000000000001,3.80741680922487,1.214158360885863,32.39618417133895
851.4000000000001,3.8099866126128425,1.1956405304681628,32.40078454962601
853.4000000000001,3.8111635609402272,1.2168346066495277,32.40533001096309
855.4000000000001,3.7978941138894395,1.677228835645761,32.40982274024869
857.4000000000001,3.780624691028415,2.2417029746042263,32.41426518004719
859.4000000000001,3.808101550380908,1.3449397467184723,32.41865842657212
861.4000000000001,3.859145277995836,-0.16215778497900457,32.42300450283574
863.4000000000001,3.8637000152695653,-0.1767961838531856,32.42730546908453
865.4000000000001,3.7279818208337487,4.157382051261102,32.43156342101649
867.4000000000001,3.749796200382374,3.306531749526872,32.435780487905724
869.4000000000001,3.754563777541626,3.1248650260166664,32.43995883079887
871.4000000000001,3.8047291545143063,1.494447155001128,32.44410064042031
873.4000000000001,3.801057537980476,1.6149646973078489,32.44820813435478
875.4000000000001,3.8255063955666873,0.839805866051887,32.45228355580276
877.4000000000001,3.777541401577311,2.3815702451630303,32.456329460333514
879.4000000000001,3.7794583894495175,2.278790641429943,32.460348638398926
881.4000000000001,3.8087302864992516,1.361319750227886,32.46434251689145
883.4000000000001,3.8267450279720783,0.8150335877874788,32.46831342194644
885.4000000000001,3.8262591498445766,0.8991513469125867,32.472263692438545
887.4000000000001,3.804826691130652,1.6259368077972465,32.47619567720049
889.4000000000001,3.8038778444508967,1.6466740558129351,32.480112759682896
891.4000000000001,3.816322520281391,1.2515943048082967,32.484016697216326
893.4000000000001,3.7973603029913097,1.8801307219144943,32.48790954823577
895.4000000000001,3.794558728630463,1.9477843546506062,32.49179368319778
897.4000000000001,3.7771584579952644,2.480640977060955,32.49567146947853
899.4000000000001,3.760321775882743,2.940748580212716,32.49954610613781
901.4000000000001,3.7588836955383624,2.9130220737505157,32.503419304670494
903.4000000000001,3.7592645037442796,2.81332546019496,32.507293127253284
905.4000000000001,3.825115159193512,0.6804897589292405,32.511169904360735
907.4000000000001,3.84298878898503,0.20747522231975377,32.515051948367955
909.4000000000001,3.7530837920696354,3.135130075977896,32.51894155023784
911.4000000000001,3.792986249645269,1.7582450411527504,32.52284097651726
913.4000000000001,3.8085875679741203,1.2803375308718696,32.526752466377125
915.4000000000001,3.8094994503354824,1.2705693250802277,32.53067822936297
917.4000000000001,3.8065206810776724,1.412125031157907,32.53462043990999
919.4000000000001,3.8032658976756415,1.5877582875540424,32.5385812365277
921.4000000000001,3.78819345505013,2.0577665719828535,32.54256360466867
923.4000000000001,3.7869135036315735,2.0557566705546924,32.54656314081966
925.4000000000001,3.76011071561493,2.862013864629929,32.55058600671027
927.4000000000001,3.757936387583534,2.856181649274352,32.5546361039173
929.4000000000001,3.748717685587427,3.055648325990331,32.55871530612758
931.4000000000001,3.768675293173114,2.3424205468103456,32.56282543541442
933.4000000000001,3.7666003470524902,2.372978620235493,32.56696825922894
935.4000000000001,3.740851926274974,3.1459828969006343,32.57114548744571
937.4000000000001,3.8293743571069867,0.287896888393746,32.575358769467286
939.4000000000001,3.833059498782308,0.2662183373624364,32.57960969139273
941.4000000000001,3.7855182620269425,1.8839024058048266,32.58389977325486
943.4000000000001,3.8373305588475697,0.1941707070691403,32.58823046633137
945.4000000000001,3.851548204847317,-0.15516200610881492,32.59260315053466
947.4000000000001,3.8559009809318123,-0.18834655713146892,32.59701913188536
949.4000000000001,3.816913441805779,1.1294277398887627,32.601479640074565
951.4000000000001,3.823734794100899,0.9305133118340392,32.60598582611955
953.4000000000001,3.7874696201343148,2.101970007220648,32.6105387601182
955.4000000000001,3.7625719101792727,2.846226566364585,32.61513942910672
957.4000000000001,3.725128786216809,3.916202503817643,32.61978873502558
959.4000000000001,3.7211619495119037,3.8888470396800114,32.624487492798615
961.4000000000001,3.692028329804662,4.672426432134581,32.62923642852969
963.4000000000001,3.6855517073163893,4.691879190777035,32.63403617782177
965.4000000000001,3.5420181131678783,9.075851003497837,32.63888728422286
967.4000000000001,3.6332305685690383,5.739282545078136,32.64379019780311
969.4000000000001,3.710656767878072,3.059869970496734,32.64874527386754
971.4000000000001,3.8170125106312427,-0.39228097705315385,32.65375277180836
973.4000000000001,3.816963807736039,-0.2240785714084684,32.65881285410091
975.4000000000001,3.8211712973218566,-0.20586821441270606,32.66392558544712
977.4000000000001,3.7383156492772263,2.6113982979338655,32.66909093206991
979.4000000000001,3.7495802188154133,2.2119312491749503,32.674308761162166
981.4000000000001,3.7477835011429907,2.2516803318582967,32.67957884049336
983.4000000000001,3.6460112671618905,5.499471977069919,32.68490083817677
985.4000000000001,3.6872093635162453,3.9847769581122283,32.690274322600246
987.4000000000001,3.725443626841143,2.6413683181667498,32.69569876252262
989.4000000000001,3.7606836002055766,1.4741458869439472,32.70117352733836
991.4000000000001,3.848530603890279,-1.2292443402642226,32.70669788751211
993.4000000000001,3.6395162350331067,5.567723444917629,32.71227101518481
995.4000000000001,3.743640326467818,2.075676574171302,32.717891984952665
997.4000000000001,3.6876067513601187,3.8291459657300537,32.723559774820096
999.4000000000001,3.72514855213654,2.545349915732407,32.729273267327045
1001.4000000000001,3.7259188940537817,2.502165755369136,32.735031250851065
1003.4000000000001,3.724056003796147,2.5287902440599725,32.740832421084264
1005.4000000000001,3.723387085001134,2.531875562652314,32.74667538268427
1007.4000000000001,3.726038272303999,2.3535903835524303,32.752558651098866
1009.4000000000001,3.80539100902454,-0.17799690337670623,32.75848065456273
1011.4000000000001,3.7997389329106124,0.1568511111373542,32.764439736264904
1013.4000000000001,3.777758599237158,0.9644810970043761,32.77043415668489
1015.4000000000001,3.7800287830821753,0.9771790185125611,32.77646209609492
1017.4000000000001,3.968346775644109,-4.978503648282333,32.78252165722585
1019.4000000000001,3.861983362388697,-1.1076062879743913,32.7886108680932
1021.4000000000001,3.8231167049779593,0.2787761811947602,32.794727684979776
1023.4000000000001,3.723811341316327,3.4694580073379875,32.800869995571
1025.4,3.811623390716681,0.466111203603872,32.80703562223833
1027.4,3.802708391189291,0.840576662401016,32.813222325465915
1029.4,3.8311988916634188,-0.020986559263959256,32.819427807415494
1031.4,3.817564342032313,0.5056728806435354,32.82564971562351
1033.4,3.7979733348095066,1.1755340722322296,32.831885646824716
1035.4,3.822971794681713,0.347071864091865,32.838133150895715
1037.4,3.839667498717022,-0.11722496050628574,32.8443897349116
1039.4,3.937280127875296,-3.149127719104451,32.85065286730875
1041.4,3.84848588430124,-0.11740646452722533,32.85691998214595
1043.4,3.8292887356100107,0.61821996815538,32.86318848345632
1045.4,3.856201660334193,-0.2241495476056591,32.86945574968167
1047.4,3.835554675824078,0.5176107872018106,32.875719138180955
1049.4,3.8569387377555313,-0.15500500467667266,32.88197598980398
1051.4,3.8563701191458732,-0.07859489181202858,32.888223633521335
1053.4,3.3448151899139575,16.55975869854682,32.894459391101364
1055.4,3.768733321720149,1.51845684579975,32.90068058182462
1057.4,3.6216136269665324,6.4274356984055085,32.906884527226126
1059.4,3.5401976349651156,8.701925035764713,32.91306855585538
1061.4,3.769855972040191,0.958679408987597,32.91923000804446
1063.4,3.766514710675191,1.1268255682168418,32.92536726981948
1065.4,3.7514594525372766,1.6650483533187073,32.93147711216805
1067.4,3.701048731040418,3.3105298477683562,32.937556637255625
1069.4,3.697270992510788,3.3415545114492486,32.94360328925007
1071.4,3.754710877184926,1.4274893211988848,32.94961454835063
1073.4,3.792927409714172,0.23093683640276302,32.95558793542743
1075.4,3.8082166052135404,-0.1656916333126442,32.96152101659834
1077.4,3.811650857187399,-0.15301543802739775,32.96741140773314
1079.4,3.8144100322103345,-0.1260997651871542,32.97325677887467
1081.4,3.7845075817440934,0.8580160969281294,32.979054858567075
1083.4,3.809142448382593,0.10959748360038432,32.98480343808095
1085.4,3.8189104836812198,-0.11943069881119059,32.99050037552609
1087.4,3.822267865411423,-0.13599219873203422,32.99614316903491
1089.4,3.824157513080774,0.0719075812194688,33.00173005890537
1091.4,3.831020186211731,-0.07788641109071245,33.00725886169946
1093.4,3.8371333714667433,-0.22316912590903254,33.01272819104556
1095.4,3.836280840464018,-0.08787137551375988,33.01813639168864
1097.4,3.874772425443105,-1.2282034894681515,33.02348203150166
1099.4,3.939022468794246,-3.2369954126679383,33.02876354713519
1101.4,3.847476898882413,-0.024032716327145463,33.033979576140545
1103.4,3.913720394161656,-2.1045748053656492,33.03912901086591
1105.4,3.8532310771449043,0.02095669674746728,33.04421004809475
1107.4,3.8379310262819204,0.5604841430066152,33.04922151650935
1109.4,3.844418014037543,0.33581603271610133,33.05416235000319
1111.4,3.8279034886650165,0.890351282114041,33.05903158959827
1113.4,3.854474267473752,0.009832063310553984,33.06382838515139
1115.4,3.8549020246136694,0.023175666508112137,33.0685519968451
1117.4,3.8283677747089286,0.9128300555822224,33.07320179646021
1119.4,3.826592953576638,0.9461976193528113,33.07777726842685
1121.4,3.7847166709904374,2.308487874779096,33.08227801065209
1123.4,3.7664997919802623,2.749942490942795,33.086703735122335
1125.4,3.846145947320585,0.0751088841678559,33.09105426827954
1127.4,3.857005192656664,-0.23941419858435767,33.09532955117079
1129.4,3.869878043715948,-0.6095534153449518,33.099529639371305
1131.4,3.853311465319193,0.018029876100099557,33.10365470268167
1133.4,3.943985889625744,-2.8992005189955523,33.107705024600776
1135.4,3.989194036184076,-4.17069603983266,33.11168100157603
1137.4,3.8886824524712233,-0.6346007194148866,33.11558314203378
1139.4,3.8912732764059146,-0.6462519109042124,33.119412065192776
1141.4,3.8613981732164158,0.3662518579656088,33.123168499664324
1143.4,3.8307350810033483,1.3230879173795402,33.12685328184369
1145.4,3.8234587166758036,1.4734445379451087,33.13046735409704
1147.4,3.8632579959098847,0.09166788945387344,33.1340117627496
1149.4,3.8641816551627874,0.07281363167620923,33.137487655880875
1151.4,3.865230745880656,0.05225327761350489,33.14089628093295
1153.4,3.8657456196058875,0.05087030385919624,33.14423898213901
1155.4,3.9346981072855582,-2.193489644051318,33.14751719777922
1157.4,3.9377284637165717,-2.1720933119897556,33.15073245727174
1159.4,3.872713764828042,0.10031861366321164,33.15388617782851
1161.4,3.832440128395586,1.3962742785680557,33.156980144570035
1163.4,3.8500357361391004,0.7250883451013581,33.16001535618858
1165.4,3.865620674219373,0.184947310244965,33.16299467179365
1167.4,3.906900704582463,-1.1674227292084154,33.165920020763714
1169.4,3.8732893977001317,0.0034191086933694037,33.168793403649914
1171.4,3.884211400130837,-0.32660587437004857,33.171616888330774
1173.4,3.8734215761031128,0.05156479638734901,33.17439260607814
1175.4,3.8527981664693987,0.7139703711985186,33.177122747544544
1177.4,3.8707527485137136,0.08961949215852001,33.17980955868245
1179.4,3.873408355930983,0.019759186741383997,33.18245533660605
1181.4,3.871151586192191,0.11058194708274169,33.18506242540643
1183.4,3.8706373380276364,0.09432079615311806,33.187633211930745
1185.4,3.8406544781684953,1.1058434965374542,33.190170121536056
1187.4,3.8741025090766255,-0.06834706552653044,33.192675613828996
1189.4,3.8747490668414093,-0.06071573780756264,33.19515217840141
1191.4,3.8717244053679116,0.053792863399158064,33.19760233057306
1193.4,3.8714051379876606,0.06761338605310026,33.2000286071516
1195.4,3.852183072841721,0.7026216645365833,33.202433562220264
1197.4,3.858126731379209,0.4699294490020366,33.204819762963446
1199.4,3.869717572292297,0.08600814472028873,33.20718978553998
1201.4,3.8720623766425373,0.0296442409905064,33.20954621101402
1203.4,3.8613846118786634,0.404674335019598,33.211891621352734
1205.4,3.8264711787799164,1.5275868391717313,33.21422859549995
1207.4,3.9027325243441435,-1.0432683237126745,33.21655970553477
1209.4,3.82611286760243,1.6047249011818443,33.21888751292316
1211.4,3.6916693551363315,5.958414093413899,33.22121456487092
1213.4,3.834850848984872,0.6535639849334851,33.2235433907854
1215.4,3.9202139686388,-2.16364576339812,33.225876498853395
1217.4,3.9402948733061622,-2.575598262824928,33.228216610422805
1219.4,3.869716656359996,-0.06662366228437544,33.23056640850466
1221.4,3.8666809999075853,0.0571428571428571,33.23292848903324
1223.4,3.8648450295227934,0.13196496342525144,33.23530482458414
1225.4,3.8665730934155165,0.08934555926482465,33.23769768189449
1227.4,3.8688930475650483,0.031592600712382096,33.240109387036085
1229.4,3.842981669143362,0.9250140463796566,33.24254222534635
1231.4,3.7828092209706834,2.8620004348078205,33.24499843917928
1233.4,3.8163430096114332,1.5346750763399066,33.247480225817384
1235.4,3.888841182315152,-0.9256556313207935,33.24998973554681
1237.4,3.907086177396751,-1.4540966884928341,33.2525290698973
1239.4,3.86495599086629,0.07724280627907779,33.25510028004805
1241.4,3.765268320017365,3.394837573013908,33.25770536540002
1243.4,3.5926312045136917,8.823449198294712,33.260346272314514
1245.4,3.842966355702799,0.0620678499503626,33.2630248930177
1247.4,3.932961633943929,-2.8725944312666667,33.26574306466971
1249.4,3.8494736352860963,0.06108588495866994,33.268502568596965
1251.4,3.8176292817580175,1.0325805479497265,33.271306160902604
1253.4,3.982182312936531,-4.405756120020767,33.274154898418494
1255.4,3.9028553478604984,-1.4929763692017923,33.277050091824954
1257.4,3.850929797576333,0.32619201887962246,33.279993303840676
1259.4,3.8541389451912886,0.148858150675058,33.282986040516946
1261.4,3.8059499174148232,1.7698626684631962,33.2860297514275
1263.4,3.778908795151334,2.567564648754475,33.28912582999872
1265.4,3.6922200341355778,5.338008666777485,33.29227458260351
1267.4,3.763749208296905,2.6411501935545436,33.29547790336007
1269.4,3.9093608644416427,-2.2175801055389543,33.29873732054941
1271.4,3.9166459807541507,-2.2703106258645955,33.302053999700526
1273.4,3.850464149287196,0.07644294306147309,33.30542905310692
1275.4,3.837250690593953,0.5710355280084001,33.30886456816607
1277.4,3.518312829129223,10.889436336717473,33.312360950116556
1279.4,3.6885949519762344,4.3037443157409445,33.31591885425695
1281.4,4.037814153030409,-7.3177607658097035,33.3195392001852
1283.4,3.8982499851106236,-2.252215792764409,33.323222860844346
1285.4,3.8400193192188747,-0.04641835557297209,33.32697066397491
1287.4,3.9126580035735468,-2.3760796604101886,33.330783393626604
1289.4,3.7732482235437304,2.4809220351628496,33.334661791721494
1291.4,3.8438811506652244,0.06595606837402003,33.33860655966095
1293.4,3.8456353388288633,0.05706205258839018,33.342618359968355
1295.4,3.851316306557215,-0.003816498981116523,33.34669781795992
1297.4,3.8220949331202103,1.0119831161950974,33.35084552343577
1299.4,3.803670337678061,1.5834634422930087,33.35506203238367
1301.4,3.802600791940446,1.5651015163139137,33.35934786868789
1303.4,3.825695487247521,0.7416097742793044,33.36370352583576
1305.4,3.818292425290855,0.9968528247141618,33.368129468614605
1307.4,3.804381733864803,1.4455854263074635,33.37262613479215
1309.4,3.8059532450982343,1.3485322610292225,33.37719393677348
1311.4,3.839084382959071,0.23848439617753409,33.38183326322801
1313.4,3.8160672895515613,1.0270822899716228,33.38654448068005
1315.4,3.844266334118386,0.07621406502925504,33.391327935057
1317.4,3.834512417017881,0.4570823257500647,33.39618395318939
1319.4,3.8303177881607757,0.6147928035903353,33.40111284425736
1321.4,3.8267891157294356,0.7438185007181263,33.4061149011784
1323.4,3.8268747971422945,0.7449137504265575,33.41119040193177
1325.4,3.8280008875416107,0.6992365891255237,33.41633961081504
1327.4,3.817157089379854,1.0620070323574724,33.421562779628836
1329.4,3.818119848552056,1.0138440379721718,33.426860148786254
1331.4,3.8101449018261495,1.2642426372421813,33.432231948343514
1333.4,3.7940904165582015,1.7091938939959788,33.437678398949195
1335.4,3.744346125180216,3.3570728489739574,33.44319971270969
1337.4,3.3420002322070954,16.521964175176958,33.44879609396866
1339.4,3.618443433645705,6.4991234268388585,33.45446773999911
1341.4,3.5512357015306746,8.357853199282012,33.46021484160678
1343.4,3.660832410510054,4.4740132381306825,33.46603758364425
1345.4,3.6120771918771695,5.917739329062265,33.471936145435144
1347.4,3.6054519740786417,5.911465687731212,33.47791070110881
1349.4,3.588828548190622,6.251116959518736,33.48396141984563
1351.4,3.5882179952778728,6.036042145697463,33.49008846603402
1353.4,3.594483778311509,5.626638856022675,33.49629199934017
1355.4,3.5895978196884193,5.618900252307794,33.50257217469235
1357.4,3.58568796932087,5.585916719434046,33.508929142181344
1359.4,3.581901738145557,5.561616553298058,33.51536304687979
1361.4,3.6700672419516835,2.4001079723941583,33.52187402858266
1363.4,3.890505223108989,-4.99867128378434,33.52846222147201
1365.4,3.774245051477585,-0.5392888127559097,33.53512775370918
1367.4,3.904727579470745,-4.775298319910576,33.54187074695796
1369.4,3.8182349734147905,-1.283979573175999,33.548691315842454
1371.4,3.5937096598313873,6.335740649107234,33.5555895673438
1373.4,3.634140576486862,4.738901027477804,33.56256560013975
1375.4,3.5819833710836844,6.346096038148677,33.56961950389165
1377.4,3.7149582394796177,1.6141492413838359,33.57675146952303
1379.4,3.644460999079121,4.035356754059023,33.58396249202083
1381.4,3.7469462948901735,0.4489594712198898,33.59125191487594
1383.4,3.7648994357045074,-0.03944277156490266,33.59861958269911
1385.4,3.7394905740641184,0.9887320550438548,33.60606553719449
1387.4,3.77868577040096,-0.3371108120647002,33.613589806591364
1389.4,3.7513998532805313,0.7649397212110034,33.62119240473968
1391.4,3.696785065093754,2.7261417899898444,33.628873330195105
1393.4,3.77901319550218,-0.05615618004028279,33.636632565298406
1395.4,3.762643118230231,0.5864301382121815,33.64447007525469
1397.4,3.7746274502299184,0.26534697697434173,33.65238580721743
1399.4,3.74111854256972,1.488652818748329,33.66037968938248
1401.4,3.656081425018261,4.38994065610795,33.668451630096996
1403.4,3.5197777299973505,8.831163625084903,33.676601516987986
1405.4,3.5115359322136555,8.69127801924903,33.68482921611541
1407.4,3.5336121069275923,7.550218628192196,33.693134530509106
1409.4,3.609319995755272,4.6260345549452735,33.7015170885832
1411.4,3.713650880339855,1.0028495728049327,33.70997670070479
1413.4,3.9031976453311215,-5.47871975458535,33.71851315586681
1415.4,3.7634302916782554,-0.13369833545008167,33.72712621652894
1417.4,3.7950045596851862,-1.0867638542929634,33.73581597863343
1419.4,3.77303736705797,-0.1076503256858152,33.74458287817456
1421.4,3.6807463170027868,3.1448418911672444,33.75342563426562
1423.4,3.7445388621953697,0.8753427573203122,33.762343888070085
1425.4,3.656024993663545,3.9718416143738344,33.771337252876826
1427.4,3.6243093521223964,4.898346134433322,33.78040531377734
1429.4,3.6215229274377467,4.826965375697926,33.789547627406385
1431.4,3.555385052989504,6.911164121649437,33.79876372174739
1433.4,3.6862942676245964,2.1101134534587644,33.80805309600383
1435.4,3.538889679243147,7.192694121698019,33.81741522053738
1437.4,3.609443033985442,4.455640451024712,33.82684953687334
1439.4,3.630242957973058,3.6189476454182694,33.83635545777362
1441.4,3.523907380126041,7.258357254919648,33.84593236737708
1443.4,3.256466164381014,16.10250210778707,33.855579621406974
1445.4,3.654234933181869,1.6055341519668818,33.86529654744454
1447.4,3.715020587813778,-0.4021279254910736,33.87508244526806
1449.4,3.6703882112836705,1.361937075947679,33.88493658725584
1451.4,3.6665077202868863,1.6111870759875115,33.894858218851525
1453.4,3.6740768489759725,1.4378042374867939,33.90484655909026
1455.4,3.727584200318278,-0.2752682824098647,33.914900801183165
1457.4,3.62041167051711,3.648574921968931,33.92502013501515
1459.4,3.697401092074686,0.8857494442678768,33.93520376181784
1461.4,3.726715623282944,0.018908558325666867,33.945450410057205
1463.4,3.6358788729909817,3.3149682807621557,33.955758644083495
1465.4,3.6760638496387252,1.8471367358136672,33.96612852205501
1467.4,3.733387902660017,-0.08817496724362471,33.97655909390444
1469.4,3.6611692203792856,2.555683264474162,33.987049468161146
1471.4,3.7113080325149634,0.8262738388013579,33.99759881137978
1473.4,3.743430224880855,-0.19272468108304,34.00820591075788
1475.4,3.706321705353578,1.2551116419225143,34.01886974577421
1477.4,3.4890336704742144,8.893296968109155,34.029589280373564
1479.4,3.4557791064522725,9.631264822370126,34.040363312732815
1481.4,3.6206898869470083,3.5360250130665203,34.05119067395241
1483.4,3.6173532789303318,3.598185219284438,34.06207030334487
1485.4,3.602367739507335,4.158657214133931,34.0730012583642
1487.4,3.583118258748585,4.733951927825189,34.08398285470331
1489.4,3.5846485239215284,4.547310194409114,34.09501356601045
1491.4,3.567639512767797,5.03180707151187,34.10609272505914
1493.4,3.651020779389163,1.8925998876723742,34.117219068709815
1495.4,3.546209393479833,5.651153589701339,34.12839140068307
1497.4,3.536588029064536,5.8339622234198325,34.139608589995746
1499.4,3.5113700147466984,6.545371723365262,34.15086950270409
1501.4,3.553462071799135,4.8160012771139735,34.16217300322546
1503.4,3.6718261149539053,0.5822715953978138,34.17351759002281
1505.4,3.701987372497153,-0.34184104524652525,34.18490234454
1507.4,3.7048909866338144,-0.24243854388806615,34.196326236765394
1509.4,3.7105327307253764,-0.25469820082302463,34.20778813044692
1511.4,3.8803056864314573,-6.210185410776457,34.2192868921026
1513.4,3.9634129183305897,-8.478465592119132,34.230821391875104
1515.4,3.6149699678881007,4.250872307692445,34.242390734591
1517.4,3.616192989988215,4.064266571933397,34.25399366255652
1519.4,3.6697337872713947,2.0050969308971642,34.26562899522551
1521.4,3.7136463806669138,0.4965602975142934,34.27729562729255
1523.4,3.5653301159265016,5.724855763360295,34.288992460668794
1525.4,3.4564513017521388,9.38823009991681,34.30071863647098
1527.4,3.4474960787040287,9.290575083869989,34.31247293542482
1529.4,3.5990390506491314,3.515630934644686,34.324254218846185
1531.4,3.704977037322826,-0.21989730385856446,34.33606142621005
1533.4,3.7074198034600507,-0.13816770562116004,34.34789350721513
1535.4,3.709475141993887,-0.2676061792618663,34.35974942218418
1537.4,3.9243834963222626,-7.586284838414179,34.37162814242048
1539.4,3.7282021069665148,-0.14553438425540433,34.38352865052117
1541.4,3.7307642722165255,-0.11169002524032316,34.395449940648426
1543.4,3.5303279084847166,7.116070835087491,34.40739101875969
1545.4,3.383576713061583,12.03126481869795,34.4193509027982
1547.4,3.3990138625559316,10.844622189300857,34.43132862284557
1549.4,3.4688969530608724,7.919150851516178,34.44332322123791
1551.4,3.6351835625849738,1.5809391059574815,34.45533375264762
1553.4,3.635020564759705,1.6848046158607366,34.467359284132705
1555.4,3.561903707939756,4.3260441261512845,34.479398895155974
1557.4,3.608100056556289,2.573645280023851,34.49145167757621
1559.4,3.661486932515949,0.6958553484673873,34.50351613543336
1561.4,3.6357529750330886,1.6965812865169891,34.51559174356516
1563.4,3.6038179197253313,2.932453365349315,34.52767780301428
1565.4,3.6016257413774673,2.9829620826846304,34.53977344931031
1567.4,3.601933125128515,2.9627061634357177,34.55187782962674
1569.4,3.6930432348558964,-0.28755226461516276,34.56399020926105
1571.4,3.6959812858100376,-0.21276027324500074,34.57610962947224
1573.4,3.6363978822996423,2.127691503179019,34.588235855755926
1575.4,3.631536958231117,2.318263236642743,34.600367206236434
1577.4,3.632138781511809,2.295252109696925,34.61250276995769
1579.4,3.6299282216512614,2.381797553055255,34.62464262853798
1581.4,3.6287902610607428,2.413809526969742,34.636784745651525
1583.4,3.6093320264577406,3.128532711752485,34.64892942393785
1585.4,3.599445781255638,3.4354531455571085,34.6610759269165
1587.4,3.6982387149785447,-0.2194647204968064,34.67322310603697
1589.4,3.700904550387815,-0.16852159382928444,34.68537114630321
1591.4,3.7048615875930255,-0.175114222723378,34.697518717727945
1593.4,3.7075387541000477,-0.1410560943417124,34.70966486154255
1595.4,3.690024949495593,0.633226832678331,34.72180887690649
1597.4,3.7119307481827626,-0.15229399249591113,34.73395007219385
1599.4,3.7139622348779557,-0.11216940605748613,34.74608569092189
1601.4,3.718625955918137,-0.12658390153169666,34.75821627503605
1603.4,3.556444507918091,5.950806795663204,34.770341748154515
1605.4,3.4028857633342358,11.303861648683606,34.782461434502885
1607.4,3.393656491757493,11.099160314304466,34.79457466615921
1609.4,3.3712497439731846,11.39681778886963,34.80668285223332
1611.4,3.499172984029484,6.168218007780443,34.81878410529712
1613.4,3.6276725317808873,1.1665343780306912,34.83087718706061
1615.4,3.658943696706604,0.12860712857883755,34.8429614797404
1617.4,3.666869324296704,0.0017436154612031352,34.85503637494758
1619.4,3.6725719638172154,-0.047282266057064884,34.86710127388008
1621.4,3.6780221779540296,-0.09355380094538106,34.87915558753944
1623.4,3.6665328639258195,0.49268724139778763,34.89119873697086
1625.4,3.623242546522144,2.215052827030394,34.90323015352608
1627.4,3.789172735773787,-3.8492001152227036,34.91524927914763
1629.4,3.6961244170204384,-0.08273873346806769,34.92725556667371
1631.4,3.663735560898224,1.2329718634119824,34.93924848016193
1633.4,3.613357121748609,3.15656590590511,34.95122749523082
1635.4,3.6100839157781572,3.2030471679545496,34.963192099416936
1637.4,3.6450685998360846,1.7985897051320112,34.97514179254623
1639.4,3.151649324941045,20.45287132779258,34.98707608711752
1641.4,3.100150588087436,21.282565092784765,34.998994508695944
1643.4,3.643241821547705,-0.2624637287224422,35.010896596314495
1645.4,3.6486402395962587,-0.24805429584335267,35.02278190288111
1647.4,3.653167439542549,-0.20910694126098225,35.03464999558912
1649.4,3.658185216186986,-0.20379291487464968,35.04650045632866
1651.4,3.662015721989481,-0.1681074669510857,35.05833288209644
1653.4,3.6663955587054966,-0.15924213664329,35.070146997370145
1655.4,3.6702683759325914,-0.14733311388632922,35.081943116399124
1657.4,3.586534237389536,3.1108036038730025,35.093719739336684
1659.4,3.5852878850213736,3.1127417518318445,35.105477808017135
1661.4,3.6726766757959957,-0.22875671467188907,35.117216190602996
1663.4,3.6292756249491194,1.5751988619026325,35.12893459239822
1665.4,3.642008223016269,1.132777962712428,35.140632737089526
1667.4,3.6447511137628976,1.091452357491943,35.15231036709338
1669.4,3.6261191478951904,1.8526290565655381,35.163967243880606
1671.4,3.611612898626185,2.4098014117639934,35.17560314827647
1673.4,3.5240265861513964,5.689668843212914,35.18721697869313
1675.4,3.620061531783654,1.561494152571784,35.19880930355667
1677.4,3.652214766013411,0.4022417502060038,35.21038027834998
1679.4,3.6463668654776655,0.6997980537899718,35.22192977764819
1681.4,3.6719098853894394,-0.15515977686152543,35.233457697558855
1683.4,3.6751166854920614,-0.14143135646148206,35.24496391624794
1685.4,3.646563894900117,1.0581100667214727,35.256448189041485
1687.4,3.63421758591181,1.572813054137515,35.267910431552174
1689.4,3.6152815787473385,2.3234129423331953,35.27935026668081
1691.4,3.59561101450002,3.1170638798778487,35.29076711931858
1693.4,3.596803313272705,2.956943883005951,35.302161983157816
1695.4,3.5870621813514703,3.2498088985402744,35.31353487377482
1697.4,3.5971931339963183,2.8349889087088656,35.32488582724432
1699.4,3.632419686299069,1.4179562905102492,35.336214899878755
1701.4,3.6005430082167194,2.6977027339943382,35.347522167924254
1703.4,3.5957050440482763,2.8312085563327276,35.35880772721331
1705.4,3.5735577289195617,3.617046667831509,35.370071692773905
1707.4,3.571604938480416,3.601215899653098,35.38131419839546
1709.4,3.5696030830654615,3.59089879181077,35.392535396152034
1711.4,3.575950125564703,3.2425843156146987,35.403735455883165
1713.4,3.616633999424548,1.6086289318577336,35.41491456463332
1715.4,3.616851253552095,1.6361533113490734,35.42607292605064
1717.4,3.5684387520505307,3.555793434013044,35.43721075974622
1719.4,3.5553446918303133,3.944756064866271,35.448328300615216
1721.4,3.589336503009966,2.584333104628519,35.45942579812097
1723.4,3.4250750410119077,8.855129899361213,35.47050351554399
1725.4,3.4103812454318203,9.01805321270055,35.48156172919732
1727.4,3.416544381516228,8.38825191004516,35.49260072761025
1729.4,3.4722140012262934,5.894514919836602,35.503620810682364
1731.4,3.5895950940333465,1.2205044999081573,35.514622288809875
1733.4,3.6282231114096697,-0.1894688774296739,35.52560548198691
1735.4,3.6319270637367387,-0.14179405605712508,35.536570718883574
1737.4,3.5939054547749354,1.4959726642541211,35.54751809445715
1739.4,3.5830369547338665,1.9538236560637339,35.558447948162616
1741.4,3.547519822845649,3.3135747388658316,35.56936096379895
1743.4,3.5180567415255877,4.407806071417675,35.58025678495922
1745.4,3.560786278543698,2.6454160700022906,35.5911364439659
1747.4,3.5948410327809954,1.3432126271666216,35.60200072971133
1749.4,3.5971155879804084,1.3349868377810234,35.61284970852683
1751.4,3.5982945763026812,1.3559129841595985,35.623683534194384
1753.4,3.521970554814687,4.406700456772088,35.63450256791625
1755.4,3.5542077509023065,3.0215319643400025,35.64530716957102
1757.4,3.5437464342722924,3.400498391115625,35.65609769671172
1759.4,3.5989445638650928,1.175219905249843,35.66687450357401
1761.4,3.6374021126174667,-0.21366178957521634,35.677637940097526
1763.4,3.3167187080720786,12.709051541160337,35.688388350963024
1765.4,3.2832373415579412,13.24809067500638,35.69912607464847
1767.4,3.218861118469692,15.468499463245042,35.70985144250625
1769.4,3.3000662383461403,11.574960760649097,35.720564777864915
1771.4,3.6445574922781834,-2.4024209665912863,35.73126639515741
1773.4,3.5999549576745378,-0.2765910623636339,35.74195659907873
1775.4,3.479920975275861,4.644003653387012,35.752635683775274
1777.4,3.402767998835293,7.626764570912754,35.76330393206824
1779.4,3.433674989361007,6.166623579577045,35.77396161471331
1781.4,3.506763036233463,3.114642861790693,35.78460898969879
1783.4,3.496116952847086,3.6426506146353717,35.79524630158397
1785.4,3.501537966937559,3.3938557248108836,35.80587378087987
1787.4,3.4432016677264587,5.692106662783322,35.81649164347375
1789.4,3.4454834129463476,5.474829205184657,35.8271000900992
1791.4,3.5430050377862745,1.5989371390062563,35.83769930585308
1793.4,3.4491567771717757,5.362301407344324,35.848289459760565
1795.4,3.568846771445174,0.5011408261969004,35.8588707043895
1797.4,3.574717288555933,0.4229908438510865,35.869443175514796
1799.4,3.570950951758312,0.7437695077889539,35.88000699183378
1801.4,3.5046253838064967,3.4983195314910445,35.89056225473304
1803.4,3.4291973959862423,6.445493944208664,35.901109048107095
1805.4,3.4693050763827573,4.634271656559161,35.91164743822923
1807.4,3.5287960274007366,2.1365063515993445,35.92217747367441
1809.4,3.59185780468328,-0.2501630151940584,35.93269918529436
1811.4,3.441676497587875,5.891040196914555,35.94321258624417
1813.4,3.479536862450512,4.197234740244558,35.953717672060236
1815.4,3.5156095710080635,2.6728961936180724,35.96421442078875
1817.4,3.5837966261120338,-0.06532832736093208,35.97470279316395
1819.4,3.5058954119313626,3.202538611165653,35.98518273283487
1821.4,3.4751481638521553,4.473981508530872,35.99565416663979
1823.4,3.441838554532823,5.68017082927255,36.006117004926864
1825.4,3.5762249969161655,0.06345099496468189,36.01657114191916
1827.4,3.5887101650501423,-0.2618150755327946,36.02701645612275
1829.4,3.5926131930588907,-0.23881021007136166,36.03745281077614
1831.4,3.5091271596164253,3.3799394843780513,36.04788005433846
1833.4,3.3948116144338347,7.795966858216902,36.05829802101498
1835.4,3.508186910590603,2.9816069656785937,36.06870653131721
1837.4,3.4241907008509966,6.294033267071151,36.07910539265552
1839.4,3.36254787467757,8.557416143179404,36.08949439996157
1841.4,3.420822241716435,5.885268379821505,36.09987333633796
1843.4,3.521658211360805,1.7086992786560677,36.110241973732585
1845.4,3.5467571363838455,0.7977104547926267,36.12060007363461
1847.4,3.509224459981663,2.389790550141739,36.13094738778938
1849.4,3.490243809441231,3.27066815735964,36.14128365892904
1851.4,3.475562058366612,3.8255952001869002,36.151608621516424
1853.4,3.573202773043795,-0.18518937300979732,36.16192200249821
1855.4,3.538982461440578,1.3639602846313146,36.17222352206509
1857.4,3.580976499626653,-0.22277636081836963,36.18251289441526
1859.4,3.57043362628558,0.3322289312827693,36.192789828518364
1861.4,3.5866451425850285,-0.18383692814893784,36.2030540288764
1863.4,3.589886926368047,-0.16010632726157828,36.213304855863186
1865.4,3.5425580484917,1.904342711047772,36.223541453871356
1867.4,3.482063028272759,4.382058513393241,36.233764507916504
1869.4,3.4323311320016243,6.261937115347098,36.24397370509005
1871.4,3.5452046190585262,1.4842889230167762,36.25416873214207
1873.4,3.582056218556584,0.046483459806940484,36.26434927612984
1875.4,3.5819033305383177,0.08240416345978398,36.27451502504303
1877.4,3.5398269896105323,1.9881546738017057,36.28466566840369
1879.4,3.4435465321115184,5.9230767718159285,36.29480089783712
1881.4,3.543415050138633,1.699640468570032,36.30492040761211
1883.4,3.4830519387175256,4.164127091800414,36.315023895146716
1885.4,3.463268855386346,4.859309179030536,36.32511106147823
1887.4,3.458664068025058,4.911601380998877,36.3351816116941
1889.4,3.4927418952306724,3.3355045485091646,36.34523525532237
1891.4,3.0073591083865097,23.021104604063876,36.35527170667923
1893.4,3.2410057583856586,12.036533121053104,36.36529068517151
1895.4,3.337678801558422,7.56088936884693,36.3752919155535
1897.4,3.367321578450297,6.169379837371004,36.38527512813525
1899.4,3.4005230562834616,4.692434512377123,36.395239629616576
1901.4,3.3901311522526254,5.102668813586368,36.405185516006775
1903.4,3.507329851508329,0.2432693862483117,36.41511283393807
1905.4,3.509821152816411,0.3495518115611176,36.42502307304738
1907.4,3.310958694279649,8.728007549640092,36.43491435078403
1909.4,3.182249558565365,13.768589260380478,36.44478644382925
1911.4,3.233879905440483,11.039814543667143,36.45463913615544
1913.4,3.3733909434348277,4.9416521820346775,36.4644722188741
1915.4,3.3694406182102297,5.10523218894954,36.47428549003779
1917.4,3.390712427395751,4.1996726730060745,36.48407875439597
1919.4,3.388520682529099,4.315751279576325,36.49385182310625
1921.4,3.3798639402168416,4.695719154770842,36.50360451340199
1923.4,3.463784274654245,1.0807765394362563,36.513336648217404
1925.4,3.430536376597665,2.7099485099389473,36.52304805577211
1927.4,3.467738573455685,1.2508413643713479,36.53273856911658
1929.4,3.4723632863078566,1.2188705031809326,36.5424080256407
1931.4,3.404605666675086,4.251484405676306,36.55205626654728
1933.4,3.3615848975891174,6.049993546807029,36.56168313629371
1935.4,3.4628229221027764,1.6966864387244363,36.57128848200297
1937.4,3.445293030862781,2.56095234964673,36.580872152848215
1939.4,3.3975142367020887,4.63062878672472,36.59043399941279
1941.4,3.3827966905894913,5.202835431560584,36.59997387302914
1943.4,3.388781386568595,4.858295119180512,36.609491625099984
1945.4,3.3538090556758218,6.311279777699132,36.618987106404596
1947.4,3.2013978918670944,12.650815148910828,36.62846016639436
1949.4,3.45455527642297,1.2638396905398477,36.63791065248038
1951.4,3.4375499133761216,2.1689055983759897,36.64733840931772
1953.4,3.2988331517231675,8.058520488774349,36.65674327808914
1955.4,3.449003652494259,1.4595787249913386,36.66612509579285
1957.4,3.4648519427987123,0.7688829189245666,36.67548161654557
1959.4,3.4956265204064993,-0.3388831645361119,36.68481391902969
1961.4,3.500173875792089,-0.30843745986904536,36.694122409411705
1963.4,3.717131998371488,-9.461234342709018,36.7034068825758
1965.4,3.516628993909664,-0.209553150432699,36.712667124550855
1967.4,3.5200447221744096,-0.1757645175077724,36.72190362267477
1969.4,3.4590432310273327,2.6448432423953445,36.73111751193472
1971.4,3.3448670140975136,7.565635855426256,36.74030669937314
1973.4,3.405532505467762,4.7635390857492705,36.74947094683173
1975.4,3.396077855569553,5.119451854095304,36.75861000541684
1977.4,3.418385497116133,4.0044010988256415,36.76772361505956
1979.4,3.3964227234804256,4.9926993059739795,36.776811504124396
1981.4,3.7319742928703183,-9.369533276548923,36.7858733890696
1983.4,3.675528169795357,-6.205257955479014,36.79490897416247
1985.4,3.542176321544749,-0.16508055824556445,36.80391795125231
1987.4,3.044735392667507,21.393871536117484,36.81289999960433
1989.4,3.525814662501808,-0.2173581286889375,36.82185478579656
1991.4,3.238804828940637,12.32033059927077,36.83078196368246
1993.4,3.3068122764257026,8.818532843939346,36.83968117442153
1995.4,3.461137784893409,1.9359349229573866,36.848552046579634
1997.4,3.4990461859708657,0.3947132852570159,36.85739419630077
1999.4,3.3957747567623353,5.018458934168576,36.86620722755206
2001.4,3.4419356406943358,2.8614469229132338,36.874990732442924
2003.4,3.383923718615402,5.374642439935202,36.883744291619465
2005.4,3.3128809738968426,8.298208060804837,36.8924674747346
2007.4,3.5046880026462133,-0.3393517279833589,36.901159840994836
2009.4,3.484370631556619,0.7442191060040796,36.909820939783266
2011.4,3.445496359006987,2.3810454820955496,36.9184503113589
2013.4,3.453245636042615,2.127668143777834,36.927047487631974
2015.4,3.295848127982448,8.971242135407596,36.93561199301422
2017.4,3.3066688171552934,8.197241095721084,36.94414334534341
2019.4,3.4380532079941397,2.128678700500193,36.95264051825613
2021.4,3.2888785678231947,8.777677301329692,36.9611032744848
2023.4,3.3364383100149397,6.318082122817123,36.969531069181244
2025.4,3.412540731794041,2.8778533419772216,36.977923827232836
2027.4,3.270778416890842,9.096974921405717,36.98628104337306
2029.4,3.2537509085446423,9.55748197481993,36.994602213221604
2031.4,3.4288029747615973,1.611033678869615,37.00288683464645
2033.4,3.474066449176855,-0.2388758048039956,37.011134409183555
2035.4,3.4797712580828546,-0.2709796407174224,37.01934444350995
2037.4,3.3354532076759855,6.2375211788061335,37.027516450966786
2039.4,3.3494240245007236,5.493757995356181,37.03564995312818
2041.4,3.3622241454453197,4.832467490805423,37.04374448141158
2043.4,3.308178854684676,7.166319141599844,37.05179957872511
2045.4,3.2862116472331575,7.955088097370355,37.05981480114749
2047.4,3.320478391675587,6.230111776345658,37.067789719635165
2049.4,3.3588767082474695,4.402788530072115,37.07572392175224
2051.4,3.4211647381937516,1.6312330134913122,37.08361667108998
2053.4,3.298374287416538,7.204948445628984,37.09146704422359
2055.4,3.2565351679259225,8.869155126178471,37.09927567642206
2057.4,3.3479310450008883,4.517034934747794,37.10704223226405
2059.4,3.456998198623046,-0.2802179362738355,37.114766402212545
2061.4,3.461847144336526,-0.26127811236177984,37.12244790433766
2063.4,3.4665534970395697,-0.2436801011786326,37.13008648602502
2065.4,3.469043204577899,-0.14883587614078447,37.137682268134284
2067.4,3.475510627730206,-0.24711323253171452,37.14523561088331
2069.4,3.444302187601382,1.2812918601732077,37.152745372422885
2071.4,3.3925627936961193,3.7654596598769774,37.160211440976845
2073.4,3.4397549234263853,1.444299274622667,37.16763374173369
2075.4,3.3576414495182356,5.285422981648453,37.17501210627024
2077.4,3.475856679005812,-0.1588938362236206,37.18234641448259
2079.4,3.4823692168643325,-0.2841291378761749,37.18963718783164
2081.4,3.4827726210320082,-0.12489636943142386,37.19688451911594
2083.4,3.336783462908782,6.425288195981007,37.20408854445565
2085.4,3.3949199823356486,3.7952310378781835,37.21124944640853
2087.4,3.3489500697002876,5.8249676985227055,37.218367455108165
2089.4,3.2373293034078165,10.625754609206808,37.22544284932014
2091.4,3.422485341161926,1.8172717578942856,37.232475957411296
2093.4,3.412552257648243,2.37509462058301,37.23946715822812
2095.4,3.4117746314786097,2.4555476460487333,37.24641688188017
2097.4,3.437647825158224,1.3462352280395673,37.25332579774445
2099.4,3.4744555551511187,-0.22324721899744362,37.260194798306316
2101.4,3.4095357436956966,2.870114778962723,37.267023986629454
2103.4,3.3179053749283867,6.912978041808646,37.273814008369044
2105.4,3.4747309069799726,-0.2143722452259158,37.28056556314601
2107.4,3.437730771722771,1.641616091086256,37.28727940471246
2109.4,3.462251254815314,0.5377530748678117,37.29395634100298
2111.4,3.6982699443524125,-9.852107560032666,37.30059723407033
2113.4,3.4961647179901756,-0.09669011457971433,37.30720299990365
2115.4,3.4982796493730257,-0.07155047252788481,37.313774608128675
2117.4,3.5007911284529585,-0.07021511663020705,37.32031308158912
2119.4,3.502297891585176,-0.028978778670027478,37.326817401366284
2121.4,3.6224168689991347,-5.312133964842209,37.33328991398407
2123.4,3.588413873496163,-3.389785001429909,37.33973237138705
2125.4,3.5189928440324016,-0.036756219720063855,37.3461459791163
2127.4,3.5166395044168226,0.13490676430614848,37.35253199035904
2129.4,3.4963145963709836,1.1053266718712473,37.35889241899649
2131.4,3.4380583195518475,3.777810429243711,37.36522997181565
2133.4,3.404067591801606,5.160409263481655,37.371544191821144
2135.4,3.4112601489253995,4.552459366435838,37.377836527079495
2137.4,3.460906930812113,2.1720159808082196,37.384108467207504
2139.4,3.341591579313515,7.445784060174745,37.39036154163819
2141.4,3.25272099144112,11.183016276731427,37.39659731778343
2143.4,3.2372918986129786,11.41171080787673,37.40281739909726
2145.4,3.1734341959640924,13.921366459824915,37.40902342304293
2147.4,3.147253213739652,14.527808192165562,37.41521705896892
2149.4,3.2816477930134034,7.789763782672084,37.42140000589741
2151.4,3.36512943204666,3.80081955508516,37.42757399023047
2153.4,3.308236652487946,6.451568883627702,37.43374076337887
2155.4,3.283028432827097,7.458487488733697,37.439902099318545
2157.4,3.3400644200388543,4.704494894494301,37.446059792080185
2159.4,3.3295999656020525,5.143912716937293,37.452215653177774
2161.4,3.2322863044814665,9.506292313433063,37.45837150898171
2163.4,3.3289005717190636,4.76484734554299,37.464529198042584
2165.4,3.3438872811042137,4.136814077352358,37.47069056837176
2167.4,3.4236597396341724,0.41522055164984856,37.476857474685254
2169.4,3.358015318969224,3.6668547383982504,37.48303177561708
2171.4,3.3071052740101106,6.0767760965268565,37.48921533090883
2173.4,3.4459475277282,-0.5442259170272323,37.49540999858216
2175.4,3.445165685158438,-0.26118019856193175,37.501617632100675
2177.4,3.513997774266384,-2.9974871615451972,37.507840077528336
2179.4,3.4609399149684292,-0.22853771254921668,37.51407862691281
2181.4,3.426492139012545,1.5529028436243624,37.520334972038334
2183.4,3.4550662089413993,0.3231342368549603,37.526611688972494
2185.4,3.4693521016419444,-0.20811886082250913,37.532910559025794
2187.4,3.420275517901712,2.270376782186834,37.539233342555036
2189.4,3.4334149395127715,1.6922211433695988,37.5455825355294
2191.4,3.435040323042332,1.671137022511024,37.55196112400145
2193.4,3.4178974903038,2.527103680794714,37.55836898551392
2195.4,3.426462605028281,2.0858435985822563,37.564807787461646
2197.4,3.440322424340381,1.527359872928588,37.57127916431912
2199.4,3.463140829413903,0.5190055227502669,37.577784715260975
2201.4,3.1577976299761072,14.831585665100034,37.584326001863026
2203.4,3.0807530069630826,17.69962111516417,37.59090454588997
2205.4,3.1480212132191716,13.803102677438016,37.59752182717517
2207.4,3.3806007665897706,2.5579932834758896,37.60417928159813
2209.4,3.3474066872290344,4.175735083826614,37.61087829916486
2211.4,3.3559653919726755,3.710578045360675,37.617620222195995
2213.4,3.2295681548001225,9.679459852214995,37.62440634362752
2215.4,3.2909684749381216,6.414485109800652,37.631237905428385
2217.4,3.251438448486765,8.163896841093006,37.63811609713928
2219.4,3.143386776150571,13.047797895902393,37.64504205453626
2221.4,3.251328252813897,7.652836079499308,37.652016858422776
2223.4,3.1267723417922437,13.328121314608596,37.65904153355327
2225.4,3.3635104636709134,1.5970505710969871,37.66611704769125
2227.4,3.1915211108262334,9.828591768988693,37.67324431080424
2229.4,3.4048285207303732,-0.1652272205480341,37.68042417439763
2231.4,3.4126792038777576,-0.24244379701153823,37.6876574309895
2233.4,3.6037305930811976,-9.047324903443624,37.69494483665498
2235.4,3.620132725516975,-9.079946788530716,37.702288442016
2237.4,3.4796595954916243,-1.922360305093409,37.70968888933217
2239.4,3.448023885425786,-0.12253068292486188,37.71714554021575
2241.4,3.451895580619636,-0.11977173759591467,37.72465890754861
2243.4,3.393248007792488,2.794074455747673,37.73222944636527
2245.4,3.2540231287364474,9.461902901941446,37.73985755441166
2247.4,3.252560652018557,9.1959133966785,37.747543572849374
2249.4,3.3307890564742704,5.282003080148148,37.75528778710391
2251.4,3.2660034360846417,8.285017850569014,37.76309042785508
2253.4,3.264303034361252,8.125614607705025,37.770951672167264
2255.4,3.260767494521036,8.079953313781399,37.77887164475674
2257.4,3.142847031359451,13.412801829850123,37.78685041939349
2259.4,3.374646312016633,1.8126504150684288,37.794887956089426
2261.4,3.4219480993384814,-0.2253774912977477,37.802984259505905
2263.4,3.42841532271777,-0.2762202806614234,37.81113927768416
2265.4,3.3217316629998286,5.035695333465242,37.819352898677586
2267.4,3.392124242195601,1.7137684448263188,37.82762496841052
2269.4,3.3908615101836945,1.8891146108944639,37.83595529279571
2271.4,3.3953735104837803,1.786300789897408,37.844343422834655
2273.4,3.378008729925392,2.750348518757309,37.85278926099936
2275.4,3.219093900870465,10.235726349416947,37.861292574420894
2277.4,3.125664904230706,14.275712086105008,37.869853030632136
2279.4,3.353629119007457,3.1143318648151768,37.878470269474725
2281.4,3.2937480364385237,5.91927968089125,37.88714368766719
2283.4,3.3733650403626214,2.1641762992693643,37.8958730477159
2285.4,3.28554893143116,6.428620225374754,37.9046579898478
2287.4,3.2150433310108943,9.69266372317315,37.91349806815974
2289.4,3.1963385145064134,10.321338488645829,37.92239282291503
2291.4,3.2531732150777417,7.327413670211186,37.93134170556904
2293.4,3.185561610009395,10.418451816456363,37.940344114511284
2295.4,3.2628700002018944,6.464123384470827,37.94940019126259
2297.4,3.288416642530989,5.195870400913582,37.95851004242816
2299.4,3.2614905092580706,6.5311342893236315,37.96767232362953
2301.4,3.5644152042968194,-8.103638358722351,37.97688758201565
2303.4,3.5262193502128154,-5.4974712890394715,37.9861548227561
2305.4,3.612694245448487,-9.144479794957645,37.99547351243862
2307.4,3.6390835700012136,-9.704328586583573,38.00484287176247
2309.4,3.426959366976525,1.2407991294555232,38.0142624889156
2311.4,3.455829642750345,-0.06685901189579989,38.02373197224412
2313.4,3.457610941072504,-0.0056193210752964375,38.033250953201225
2315.4,3.422140441120803,1.8371462162506773,38.04281901243462
2317.4,3.4255051760231763,1.6969731771130152,38.0524357152112
2319.4,3.4220109779270445,1.9337072762815208,38.062100998947614
2321.4,3.3764901888838073,4.105492794328096,38.07181461416728
2323.4,3.38330447115385,3.7048409767667003,38.08157634872444
2325.4,3.372376028865607,4.174786372161794,38.09138595310214
2327.4,3.363091873706691,4.562434942552951,38.101243175581885
2329.4,2.973381543241255,23.308225021642524,38.111148150504285
2331.4,3.0452714412167903,18.631262859935397,38.121100837516934
2333.4,3.4022360965680796,0.8250344224179468,38.13110124542417
2335.4,3.4294257172592255,-0.27144771654180005,38.141149434267255
2337.4,3.364082370727486,3.037411596375681,38.15124551729414
2339.4,3.3683016777616976,2.908248611493221,38.161389662814194
2341.4,3.3293825296713844,4.867493350770364,38.171582095933765
2343.4,3.4162559135558066,0.5298099416857898,38.18182310016871
2345.4,3.436592930022105,-0.2385215478425982,38.192113018930414
2347.4,3.4415145747696023,-0.24625499675935933,38.20245225688179
2349.4,3.407491441575974,1.5958987376012128,38.21284128116053
2351.4,3.4182626707826542,1.168202083426766,38.22328062246687
2353.4,3.38908464296082,2.727512933711429,38.2337708760136
2355.4,3.361879961516465,4.122268846497883,38.24431270233629
2357.4,3.408325030718877,1.7909754191242309,38.254906827962074
2359.4,3.2419618508048687,10.100756526761057,38.265554246338034
2361.4,3.3000448953646395,6.790878490157247,38.27625613237541
2363.4,3.2910963613344966,7.289282336086482,38.2870128423554
2365.4,3.216826946424779,10.670612770021014,38.297825374638016
2367.4,3.389897049135133,1.7223057955079053,38.30869479448485
2369.4,3.3694085917798655,2.8948131299668804,38.31962223387869
2371.4,3.354391625307868,3.7019524692448655,38.33060889119795
2373.4,3.336790864527957,4.590600115312064,38.34165643287033
2375.4,3.411481325739267,0.8527893710235317,38.35276678334641
2377.4,3.438248251880894,-0.25788387373803284,38.36394149934647
2379.4,3.3777067656108772,3.0023127406023185,38.37518141269448
2381.4,3.349742792535851,4.410341688537925,38.386488303830966
2383.4,3.347324403376066,4.504828743591998,38.39786335127072
2385.4,3.3593902286850352,3.86095242300074,38.40930805084719
2387.4,3.380960136845653,2.8383501354925236,38.42082412935862
2389.4,3.358936832235562,3.952245505570688,38.432413090414414
2391.4,3.4056336241273777,1.6438808654214612,38.444076334388875
2393.4,3.2902617145992394,7.48688393159386,38.455816559687854
2395.4,3.3451851153947727,4.527340413303402,38.46763571121182
2397.4,3.3445119920672104,4.5964913405718155,38.47953578566568
2399.4,3.3791098294361004,2.8089457948208203,38.49151952131421
2401.4,3.443229224102805,-0.25576476359685757,38.5035901105124
2403.4,3.446749548098857,-0.20717233946636876,38.5157477369932
2405.4,3.451068133076659,-0.2070948590486966,38.527994595098995
2407.4,3.4551562207950863,-0.21680599571930254,38.54033291891576
2409.4,3.4582921552626433,-0.17531350630095172,38.55276428844377
2411.4,3.4623182969030033,-0.2003092194993872,38.565289925235554
2413.4,3.465116668644736,-0.17051243335959443,38.57791413389998
2415.4,3.4531993851522023,0.6005641395989718,38.590639268518196
2417.4,3.4703682650668166,-0.14000802424873499,38.603467710196696
2419.4,3.3771711502457835,4.7229696249193776,38.61640186468799
2421.4,3.3378369606381932,6.526326072769077,38.629444159435984
2423.4,3.3980753258358822,3.3226815312864053,38.64259704057004
2425.4,3.3981863638579846,3.2917351732108515,38.65586296985304
2427.4,3.3976640585212396,3.282524405491699,38.66924442158796
2429.4,3.360039107994909,5.193891988267925,38.68274387948746
2431.4,3.326991928786675,6.688159037925673,38.69636383351145
2433.4,3.302443066399012,7.740419051314272,38.71010677667723
2435.4,3.2228029158598743,11.344606868064025,38.72397520184667
2437.4,3.347318949611769,4.775312078213094,38.73797159849506
2439.4,3.297429662750719,7.2098196273721085,38.75209844946633
2441.4,3.346143934120719,4.526092785013728,38.7663582277188
2443.4,3.3909525504520923,2.2807283484514174,38.78075339306602
2445.4,3.4438016077542697,-0.26071243532865307,38.79528638891714
2447.4,3.6215994197069286,-9.008585052223472,38.80995963902081
2449.4,3.4518262277463743,0.26648260344399255,38.82477554421709
2451.4,3.464784671061945,-0.26280320074790275,38.83973647920107
2453.4,3.4687376798202365,-0.2664075582860791,38.85484478930288
2455.4,3.5957014796739597,-6.683527671192648,38.87010224073716
2457.4,3.1525589070978106,16.13079356875993,38.88551175020061
2459.4,3.134940410567407,16.228701094466203,38.90107500906464
2461.4,3.123061600255255,16.067193492641206,38.91679446157827
2463.4,3.1451270511784606,14.18535487688821,38.932672550947466
2465.4,3.2769422122371337,7.2744082220479385,38.9487113736958
2467.4,3.256484364213658,8.1321205745296,38.96491297564476
2469.4,3.4188114779406407,-0.14549421590538053,38.98127934892826
2471.4,3.4262381726772015,-0.22517404346519312,38.99781242905701
2473.4,3.431708097538789,-0.2174249309198014,39.01451440459189
2475.4,3.3569344490386026,3.689764674600916,39.031387456392345
2477.4,3.347591517797764,4.251854413170548,39.048432347222345
2479.4,3.3454121184520718,4.37249505164589,39.06565078118341
2481.4,3.338190151653526,4.725425881881607,39.08304439024833
2483.4,3.3381958791077686,4.688420142536558,39.100614734349016
2485.4,3.389303682136575,1.9847202215056552,39.118363418096756
2487.4,3.4368604598442585,-0.27058325970551117,39.136291934952716
2489.4,3.313387110771459,6.4365417252466575,39.154401587360184
2491.4,3.308085658842905,6.551265200744707,39.17269359520071
2493.4,3.2987639568731093,6.878125833401947,39.19116909358195
2495.4,3.295279005589572,6.885681973657484,39.20982913070598
2497.4,3.3310129892111755,4.85209579845081,39.22867466581974
2499.4,3.1753939309889825,12.631778371893306,39.247706567249864
2501.4,3.1489270985554216,13.493669027436914,39.266925610523195
2503.4,3.1551900050078436,12.61653053628069,39.28633247657521
2505.4,3.2672611546884642,6.402960079935172,39.30592775004758
2507.4,3.2434490793084416,7.354858069091499,39.32571191767643
2509.4,3.511627242346555,-6.510738671869141,39.34568536677298
2511.4,3.58442426534281,-9.507683726197422,39.36584838379773
2513.4,3.441593795922023,-1.2250067515942993,39.386201153029226
2515.4,3.3751390514273067,2.5190494762369307,39.40674375532919
2517.4,3.410206956375522,0.7963760795467438,39.42747616700442
2519.4,2.9628247565330197,24.330574054744993,39.448398596916164
2521.4,3.1526620126239737,13.083919991182945,39.46951082228676
2523.4,3.308159475435102,4.443101921281682,39.4908129101893
2525.4,3.326748052133619,3.511276651951019,39.51230376770477
2527.4,3.195319504638538,10.308890878228874,39.53398388925615
2529.4,3.2701982358003097,6.045009372470132,39.55585197722592
2531.4,3.324674995554428,3.277234769939512,39.57790697592364
2533.4,3.3319756111845793,2.983331187398514,39.60014801671099
2535.4,3.3055281873962628,4.50394406765857,39.622574122082085
2537.4,3.312461079575667,4.160521714891615,39.6451842056227
2539.4,3.386308087112513,0.3567581193030568,39.66797750248614
2541.4,3.288245560998383,5.797281362969929,39.69095224504494
2543.4,3.394543470686108,0.1401335988030307,39.71410702942563
2545.4,3.3708309163519017,1.6293082244572403,39.737440827949165
2547.4,3.3366819526911673,3.60046852062861,39.76095106654433
2549.4,3.2563913707272443,7.968241380761665,39.784635940215416
2551.4,3.317483038163913,4.12859894337401,39.8084941705465
2553.4,3.032052916883516,19.32824713639742,39.832523810272164
2555.4,2.9695757571324535,21.562524477565066,39.856722807709446
2557.4,3.0976220300169355,13.626398638966075,39.88108900777194
2559.4,3.2930399885297024,3.029813439293742,39.90562015308639
2561.4,3.319777248107559,1.8231247993115371,39.930313885210246
2563.4,3.262248030934613,5.172647022512605,39.955167745949154
2565.4,3.1552956592116543,10.754176812094514,39.98017917877288
2567.4,3.1902974199809813,8.538894862313631,40.00534553032825
2569.4,3.352835005265538,-0.3094558662622472,40.030664052047165
2571.4,3.360864716082788,-0.33225483273053963,40.056131901848325
2573.4,3.5305340451702176,-8.86528628977689,40.081746145930474
2575.4,3.4151134845115196,-1.7887258120267642,40.10750376065518
2577.4,3.21163122934159,9.329374161674156,40.13340163451725
2579.4,3.1286742026738588,13.292981009102267,40.15943657020025
2581.4,3.0923807277986404,14.546681127504353,40.18560528671496
2583.4,3.0698974558948406,14.988080673007,40.21190442161822
2585.4,2.9954343467567788,18.204925668284677,40.23833053330974
2587.4,3.0752426123399856,12.971899908393071,40.264880103404
2589.4,3.418942332292788,-5.703574300059001,40.29154953917463
2591.4,3.4723988259986234,-7.583883633358815,40.31833517606842
2593.4,3.3492332814742736,-0.3121998471579791,40.34523328028581
2595.4,3.3550380925115033,-0.26700460693770284,40.37224005142526
2597.4,3.3342595377273376,0.9686063739111274,40.39935162518788
2599.4,3.361606361415122,-0.2652727143052674,40.42656407613962
2601.4,3.367285146088709,-0.28156287400910046,40.453873420527316
2603.4,3.204251481425766,8.886017197143325,40.48127561914584
2605.4,3.103224615840783,13.75268840897745,40.508766580252384
2607.4,3.0942548035567086,13.481205887119788,40.53634216252507
2609.4,3.0713823918522833,14.001826850289213,40.56399817806195
2611.4,3.330057458871972,-0.2971508007878714,40.59173039541712
2613.4,3.336364771880605,-0.2681336488237079,40.61953454267073
2615.4,3.283175672964852,2.9575457219950723,40.64740631052865
2617.4,3.3308366118330452,0.4298182286217031,40.67534135544901
2619.4,3.25584574367696,4.762175490942441,40.703335302791466
2621.4,3.1063948626304296,12.871800677890597,40.73138374998616
2623.4,3.0326569109455606,16.05967361042417,40.7594822697182
2625.4,2.962997246008707,18.88890705734675,40.78762641312473
2627.4,2.941996705904237,18.895017632119924,40.81581171300073
2629.4,3.2763955048218354,0.06250679415072355,40.844033687009976
2631.4,3.2902901892394385,-0.2097134156566944,40.872287840898046
2633.4,3.237552072713764,3.1236711945611098,40.900569671703465
2635.4,3.3019506977081927,-0.112634282085267,40.92887467096395
2637.4,3.459820785097516,-8.335488593227506,40.95719832791429
2639.4,3.4901955939586364,-9.100589818564227,40.98553613267235
2641.4,3.339402433552864,-0.24607469000902882,41.01388357941047
2643.4,3.309569336745403,1.6635026572390612,41.04223616950827
2645.4,3.258800166897537,4.4015860326535226,41.070589414684655
2647.4,3.23386663261884,5.6418223850147555,41.098938840105035
2649.4,3.329797297617242,0.25659632434711865,41.127279987461534
2651.4,3.4791855614962124,-7.538807871715669,41.15560841802278
2653.4,3.4570816643604187,-5.663785349302272,41.18391971565053
2655.4,3.4523669853363406,-4.878526568108234,41.21220948978052
2657.4,3.3372545061447836,1.8611058083916263,41.240473378364584
2659.4,3.3386171656249353,1.7469420891339702,41.26870705077162
2661.4,3.34207366106975,1.3971276878711294,41.296906210644735
2663.4,2.942754186458098,23.679601248780006,41.32506659871218
2665.4,2.8965805257640933,24.353899420820152,41.35318399554969
2667.4,3.249013873806846,3.5648924564126365,41.381254224291794
2669.4,3.290704249218055,1.3220782927346908,41.40927315329008
2671.4,3.3182996488990795,-0.028658439801207844,41.437236698716056
2673.4,3.300416239607903,1.252728134158222,41.46514082710675
2675.4,3.224855272872578,5.594436300719146,41.49298155785085
2677.4,3.217032245001743,5.886300636734303,41.52075496561354
2679.4,3.1603358008786153,8.722142133829257,41.54845718269826
2681.4,3.228686479121843,4.374378452967181,41.57608440134346
2683.4,3.106098247954279,11.063569281370187,41.603632875952776
2685.4,3.0923347511911023,11.218232748467647,41.631098925256836
2687.4,3.0793809840274755,11.342289969168647,41.65847893440529
2689.4,3.0965585941300384,9.745307535937934,41.68576935698726
2691.4,3.275566491100043,-0.22413797383863443,41.712966716979054
2693.4,3.2841576674010833,-0.2751822367423763,41.740067610617615
2695.4,3.148346496777128,7.70040975091267,41.76706870819796
2697.4,3.2652852920700357,0.8669969054747666,41.79396675579421
2699.4,3.1630231394235877,6.715868128264171,41.82075857690177
2701.4,3.153775715089827,6.9661108385861565,41.84744107400044
2703.4,3.138819805940275,7.515480245133873,41.874011230036714
2705.4,3.075043623646504,10.695482584657844,41.90046415349099
2707.4,3.0629143631565774,10.725506620275535,41.92679853516767
2709.4,3.0595774282367674,10.273564715199447,41.9530122049764
2711.4,3.0525409225545,10.059258370802077,41.97910246742653
2713.4,3.2040559938040847,1.6921161255678048,42.00506671457683
2715.4,3.211527547823815,1.5787123561865617,42.03090242695391
2717.4,3.4011110249293757,-8.51673328889134,42.05660717438553
2719.4,3.216596435138202,2.992114994400923,42.082178616748514
2721.4,3.082806915061592,9.827661811125417,42.10761450462973
2723.4,3.23271844703834,1.062326261178036,42.13291267989945
2725.4,3.1948055875735553,3.38925548667565,42.158071076196215
2727.4,3.2477284232425596,0.5143804696868154,42.18308771932204
2729.4,3.2648885476983187,-0.18560884097830377,42.207960727547594
2731.4,3.2711610815486196,-0.22780752489370906,42.232688311826244
2733.4,3.147412617845685,6.705881776563106,42.25726877591628
2735.4,3.1074709257937996,8.135112807873568,42.28170051641087
2737.4,3.0792146912844434,9.015682412936554,42.30598202267504
2739.4,3.034309746787727,10.652326815385328,42.33011187668898
2741.4,3.0513071528061837,8.828396694680407,42.354088752797594
2743.4,3.2056978637067957,-0.23696000148500307,42.37791141736545
2745.4,3.213618225210482,-0.2207309594965285,42.40157872833735
2747.4,3.2070407096116877,0.5545493386381178,42.42508963470373
2749.4,3.1009237615998115,6.3373180398368305,42.44844317587127
2751.4,3.1667998051879223,2.552649258028008,42.47163848093832
2753.4,3.22300662814435,-0.3549768795962037,42.49467476787551
2755.4,3.019860898626029,10.778952209559543,42.517551342611426
2757.4,3.0207014809797714,9.62972635141011,42.54026793325038
2759.4,3.011719616364018,9.239800505709818,42.56282441927663
2761.4,3.0203888458641632,8.135951977307684,42.58521932137869
2763.4,3.080704644634905,4.1678589153888845,42.60745229132331
2765.4,3.099288523506533,3.2622122977108323,42.629523061275556
2767.4,3.0657425091911747,4.999312376313613,42.65143107784977
2769.4,3.0469996800124,5.738161717112631,42.67317360499846
2771.4,3.0270187814074427,6.384903226975949,42.69475306821066
2773.4,2.9737191634931985,8.644266946600462,42.71617009298062
2775.4,2.938254869065629,9.715020205535422,42.73742476675282
2777.4,3.1185281084902527,-0.1639690944369276,42.75851724749961
2779.4,3.2788052739489864,-8.394842636478813,42.77944776162033
2781.4,2.8292095120139424,17.598216509358306,42.80021660175653
2783.4,2.817487115390838,15.44134745455884,42.82082412452545
2785.4,2.9182975689367465,9.068170331693738,42.841270748174345
2787.4,2.884628769125447,9.891201632930668,42.861556950157905
2789.4,2.8795271606860164,9.184662492909109,42.8816839843107
2791.4,3.0415285836109693,0.7655043911959187,42.9016519338978
2793.4,2.8924526096853027,8.7338085020365,42.92146122644911
2795.4,2.955854647492433,4.409393094026624,42.941112550313306
2797.4,3.0294094621709946,0.6888305063184467,42.96060663982093
2799.4,2.9557918776065057,4.8373128302345725,42.97994427245661
2801.4,2.8724179459180608,8.431888311246468,42.99912626597656
2803.4,2.8495807348369855,8.818543129892557,43.01815347547537
2805.4,2.8299201705331485,8.904668360828305,43.0370267904064
2807.4,2.990585058299574,0.5449662734665898,43.05574713194673
2809.4,2.9323003361309756,3.975752854202004,43.07431544916976
2811.4,2.897016079067339,5.430134181366351,43.092732715997734
2813.4,2.848191851161415,7.43693185708551,43.11099992446679
2815.4,2.8818136571634403,5.122018001571995,43.12911812067968
2817.4,2.988783486076852,-0.27207631710463964,43.147088385730406
2819.4,3.1866778525944324,-9.025885534163299,43.16491176954109
2821.4,3.202836717411416,-8.166559632261977,43.18258933191773
2823.4,3.065747634934709,-0.1968867622805217,43.200122139397536
2825.4,3.0685029164685105,-0.2078618728731537,43.21751126210116
2827.4,3.069835323840796,-0.16443667998148512,43.2347577705955
2829.4,3.071602809454472,-0.16072068537861742,43.251862732772636
2831.4,3.051068703939402,0.9918312560738348,43.26882721075079
2833.4,3.0340487350477026,1.7298217743377586,43.28565225780287
2835.4,3.0220036138420316,2.1346348396911834,43.30233891531853
2837.4,3.057145296671936,0.006433920402817053,43.31888856882838
2839.4,3.061503541596682,-0.11324461142448479,43.33530284471744
2841.4,3.063669496218624,-0.12658859597272107,43.351581790000566
2843.4,3.1510370102160588,-4.2830480827342114,43.36772637135629
2845.4,3.0819651261403793,-0.06576686991768486,43.38373752921713
2847.4,3.05480519308575,1.3663253817574055,43.399615915856046
2849.4,3.0201342547229553,2.854937545036681,43.41536197623623
2851.4,3.0300294912797057,1.9468866852523619,43.430977246044904
2853.4,3.0248462192720837,1.9500477323270813,43.44646253446701
2855.4,3.0267143444835707,1.6126192172251226,43.46181861170422
2857.4,2.970648998311947,4.2637488675695465,43.47704620668375
2859.4,2.908451366376742,6.753689404302036,43.49214600486556
2861.4,2.9417754310972293,4.1806076889773065,43.507118303884155
2863.4,2.9344139145439048,4.098209586164491,43.52196300615768
2865.4,2.983151421385329,1.1594699037593528,43.5366815533396
2867.4,2.9690522873866136,1.943829736580824,43.55127444643043
2869.4,2.9637283261481047,2.1102556111083874,43.565742114867184
2871.4,2.961052398871717,2.1229797832277515,43.58008456809582
2873.4,2.935956024119048,3.267843279634249,43.59430209978059
2875.4,2.927595726129287,3.3716499578911723,43.608394655473425
2877.4,2.958536954671123,1.4443423026344717,43.62236244022036
2879.4,2.9624306264066362,1.2352652438240874,43.63620600020849
2881.4,2.9147802116587607,3.687401865149422,43.64992557728315
2883.4,2.8955811441079584,4.211909752036976,43.66352117950354
2885.4,2.8855500302300987,4.230495669308519,43.67699275186497
2887.4,2.876080108854224,4.220294145289263,43.69034017573995
2889.4,2.8608345138374145,4.49296221393872,43.70356326845243
2891.4,2.8485814675559027,4.577924740430244,43.716661782985426
2893.4,2.8359983853158717,4.6644048331207495,43.72963540782155
2895.4,2.837953548358098,3.976433627292526,43.742483766916386
2897.4,2.8390678975115367,3.7231849936159236,43.75520641980352
2899.4,2.4548373081968236,21.82361013875562,43.76780234730289
2901.4,2.379477296629419,20.90188903360062,43.78027138798982
2903.4,2.708795673514619,2.4778284211007833,43.79261306582312
2905.4,2.5615121499542086,9.464145481502472,43.804826682750786
2907.4,2.4550287496368033,12.327109245364726,43.81691147899117
2909.4,2.4119940150103583,11.658001879211705,43.82886663387872
2911.4,2.2985662162009715,12.039111443287588,43.840691266828195
2913.4,2.2731463759973187,8.39721707956475,43.85238443841393
2915.4,2.1560207722374165,9.250280612953581,43.863945151560664
